name,title,xpath,grid_name,parent_grid_name,type,widget,container,format,ignore_empty,ignore_autocalc_check,export_result,force_def_val,disabled,readonly,required,weight,allow_cyrillic,default_value,options,attributes,class,rows,minlength,maxlength,decimal_length,pattern,exclude_from_xml,extensions,max_size,tag
dec_fiscCod_name,Entitatea,dec/fiscCod/name,,,text,textfield,,,0,0,0,0,0,1,1,1,0,@agent_name,,,text,0,0,0,0,,0,,,
dec_fiscCod_street,Strada,dec/fiscCod/street,,,text,textfield,,,0,0,0,0,0,1,0,2,0,@street,,,,0,0,100,0,,0,,,
dec_fiscCod_postal,MD,dec/fiscCod/postal,,,numeric,textfield,,,0,0,0,0,0,0,0,0,0,,,,,0,0,4,0,,0,,,
dec_fiscCod_fisc,Raionul(municipiul),dec/fiscCod/fisc,,,custom,select,%02d,%02d,0,0,0,0,0,1,1,3,0,@ifs,<?php return classifiers_get_list('ifs'); ?>,,,0,2,2,0,,0,,,
dec_fiscCod_cuatm,Cod CUATM,dec/fiscCod/cuatm,,,custom,select,%04d,%04d,0,0,0,0,0,1,1,4,0,@cuatm,<?php return classifiers_get_list('cuatm'); ?>,,,0,4,4,0,,0,,,
dec_fiscCod_cfp,Forma de proprietate,dec/fiscCod/cfp,,,text,select2,,,0,0,0,0,0,0,1,6,0,@cuiio_cfp_code,<?php return classifiers_get_list('forma_de_proprietate'); ?>,,text,0,0,300,0,,0,,,
dec_fiscCod_cfoj,Forma organizatorico-juridică,dec/fiscCod/cfoj,,,text,select2,,,0,0,0,0,0,0,1,7,0,@cuiio_cfoj_code,<?php return classifiers_get_list('forma_organizatorico_juridica'); ?>,,text,0,0,300,0,,0,,,
dec_fiscCod_caem,Activitatea principală,dec/fiscCod/caem,,,text,select2,,,0,0,0,0,0,0,1,8,0,@cuiio_caem_code,<?php return declarations_get_caem_list('vocabulary_18'); ?>,,text,0,0,300,0,,0,,,
dec_fiscCod_fiscal,Codul fiscal,dec/fiscCod/fiscal,,,text,textfield,,,0,0,0,0,1,0,0,9,0,@fisccode,,,text,0,0,15,0,,0,,,
dec_fiscCod_telefon,Numar telefon,dec/fiscCod/telefon,,,text,textfield,,,0,0,0,0,0,0,0,11,0,@cuiio_telefon,,,,0,0,12,0,,0,,,
,Period,,,,period_type,hidden,,,0,0,0,0,0,0,0,12,0,A,,,,0,0,0,0,,0,,,
,Period,,,,period_year,select,,,0,0,0,0,0,0,0,14,0,,,,,0,0,0,0,,0,,,
dec_peroidnalog_datefisc,Period,dec/peroidnalog/datefisc,,,period,hidden,,,0,0,0,0,0,0,1,15,0,,,,,0,0,0,0,,0,,,
dec_period_from,Situații financiare pentru perioada (de la data),dec/period/from,,,date,textfield,,,0,0,0,0,0,0,1,14,0,,,,,0,0,0,0,,0,,,
dec_period_to,Situații financiare pentru perioada (pînă la data),dec/period/to,,,date,textfield,,,0,0,0,0,0,0,1,14,0,,,,,0,0,0,0,,0,,,
dec_fiscCod_cuiio,Cod CUIÎO,dec/fiscCod/cuiio,,,numeric,textfield,,,0,0,0,0,0,0,1,16,0,@cuiio,,,text,0,5,8,0,,0,,,
dec_pers_respons,Persoanele responsabile,dec/pers/respons,,,text,textfield,,textfield,0,0,0,0,0,0,0,0,0,,,,text,0,0,100,0,,0,,,
dec_lichidare,De lichidare,dec/lichidare,,,text,checkbox,,,0,0,0,0,0,0,0,0,0,0,,,,0,0,0,0,,0,,,
dec_fiscCod_web,WEB,dec/fiscCod/web,,,text,textfield,,,0,0,0,0,0,0,0,18,0,,,,,0,0,20,0,,0,,,
dec_fiscCod_email,e-mail,dec/fiscCod/email,,,text,textfield,,,0,0,0,0,0,0,0,19,0,@email,,,,0,0,60,0,,0,,,
dec_contabil_name,Numele contabilului-șef,dec/contabil/name,,,text,textfield,,textfield,0,0,0,0,0,0,0,20,0,,,,text,0,0,0,0,,0,,,
dec_contabil_telefon,Numar telefon al contabilului-șef,dec/contabil/telefon,,,text,textfield,,,0,0,0,0,0,0,0,21,0,,,,,0,0,20,0,,0,,,
dec_fiscCod_nrEmployees,Numărul mediu al salariaților în perioada de gestiune,dec/fiscCod/nrEmployees,,,numeric,textfield,,,0,0,0,0,0,0,0,0,0,,,,,0,0,0,0,,0,,,
dec_fiscCod_employeesAbs,Confirmați lipsa salariaților,dec/fiscCod/employeesAbs,,,text,checkbox,,,0,0,0,0,0,0,0,0,0,0,,,,0,0,0,0,,0,,,
dec_table1_row_date,"Bilanțul la (data), Anexa 1",dec/table1/row/date,,,date,textfield,,,0,0,0,0,0,0,0,14,0,,,,,0,0,20,0,,0,,,
dec_table1_row_r010c4,Anexa 1 Rînd. 010 col.4,dec/table1/row/r010c4,,,numeric,textfield,,,0,0,0,0,0,0,0,14,0,,,,,0,0,20,0,,0,,,
dec_table1_row_r010c5,Anexa 1 Rînd. 010 col.5,dec/table1/row/r010c5,,,numeric,textfield,,,0,0,0,0,0,0,0,14,0,,,,,0,0,20,0,,0,,,
dec_table1_row_r020c4,Anexa 1 Rînd. 020 col.4,dec/table1/row/r020c4,,,numeric,textfield,,,0,0,0,0,0,0,0,14,0,,,,,0,0,20,0,,0,,,
dec_table1_row_r020c5,Anexa 1 Rînd. 020 col.5,dec/table1/row/r020c5,,,numeric,textfield,,,0,0,0,0,0,0,0,14,0,,,,,0,0,20,0,,0,,,
dec_table1_row_r021c4,Anexa 1 Rînd. 021 col.4,dec/table1/row/r021c4,,,numeric,textfield,,,0,0,0,0,0,0,0,14,0,,,,,0,0,20,0,,0,,,
dec_table1_row_r021c5,Anexa 1 Rînd. 021 col.5,dec/table1/row/r021c5,,,numeric,textfield,,,0,0,0,0,0,0,0,14,0,,,,,0,0,20,0,,0,,,
dec_table1_row_r022c4,Anexa 1 Rînd. 022 col.4,dec/table1/row/r022c4,,,numeric,textfield,,,0,0,0,0,0,0,0,14,0,,,,,0,0,20,0,,0,,,
dec_table1_row_r022c5,Anexa 1 Rînd. 022 col.5,dec/table1/row/r022c5,,,numeric,textfield,,,0,0,0,0,0,0,0,14,0,,,,,0,0,20,0,,0,,,
dec_table1_row_r023c4,Anexa 1 Rînd. 023 col.4,dec/table1/row/r023c4,,,numeric,textfield,,,0,0,0,0,0,0,0,14,0,,,,,0,0,20,0,,0,,,
dec_table1_row_r023c5,Anexa 1 Rînd. 023 col.5,dec/table1/row/r023c5,,,numeric,textfield,,,0,0,0,0,0,0,0,14,0,,,,,0,0,20,0,,0,,,
dec_table1_row_r024c4,Anexa 1 Rînd. 024 col.4,dec/table1/row/r024c4,,,numeric,textfield,,,0,0,0,0,0,0,0,14,0,,,,,0,0,20,0,,0,,,
dec_table1_row_r024c5,Anexa 1 Rînd. 024 col.5,dec/table1/row/r024c5,,,numeric,textfield,,,0,0,0,0,0,0,0,14,0,,,,,0,0,20,0,,0,,,
dec_table1_row_r030c4,Anexa 1 Rînd. 030 col.4,dec/table1/row/r030c4,,,numeric,textfield,,,0,0,0,0,0,0,0,14,0,,,,,0,0,20,0,,0,,,
dec_table1_row_r030c5,Anexa 1 Rînd. 030 col.5,dec/table1/row/r030c5,,,numeric,textfield,,,0,0,0,0,0,0,0,14,0,,,,,0,0,20,0,,0,,,
dec_table1_row_r040c4,Anexa 1 Rînd. 040 col.4,dec/table1/row/r040c4,,,numeric,textfield,,,0,0,0,0,0,0,0,14,0,,,,,0,0,20,0,,0,,,
dec_table1_row_r040c5,Anexa 1 Rînd. 040 col.5,dec/table1/row/r040c5,,,numeric,textfield,,,0,0,0,0,0,0,0,14,0,,,,,0,0,20,0,,0,,,
dec_table1_row_r050c4,Anexa 1 Rînd. 050 col.4,dec/table1/row/r050c4,,,numeric,textfield,,,0,0,0,0,0,1,0,14,0,,,,,0,0,20,0,,0,,,
dec_table1_row_r050c5,Anexa 1 Rînd. 050 col.5,dec/table1/row/r050c5,,,numeric,textfield,,,0,0,0,0,0,1,0,14,0,,,,,0,0,20,0,,0,,,
dec_table1_row_r060c4,Anexa 1 Rînd. 060 col.4,dec/table1/row/r060c4,,,numeric,textfield,,,0,0,0,0,0,0,0,14,0,,,,,0,0,20,0,,0,,,
dec_table1_row_r060c5,Anexa 1 Rînd. 060 col.5,dec/table1/row/r060c5,,,numeric,textfield,,,0,0,0,0,0,0,0,14,0,,,,,0,0,20,0,,0,,,
dec_table1_row_r070c4,Anexa 1 Rînd. 070 col.4,dec/table1/row/r070c4,,,numeric,textfield,,,0,0,0,0,0,0,0,14,0,,,,,0,0,20,0,,0,,,
dec_table1_row_r070c5,Anexa 1 Rînd. 070 col.5,dec/table1/row/r070c5,,,numeric,textfield,,,0,0,0,0,0,0,0,14,0,,,,,0,0,20,0,,0,,,
dec_table1_row_r080c4,Anexa 1 Rînd. 080 col.4,dec/table1/row/r080c4,,,numeric,textfield,,,0,0,0,0,0,0,0,14,0,,,,,0,0,20,0,,0,,,
dec_table1_row_r080c5,Anexa 1 Rînd. 080 col.5,dec/table1/row/r080c5,,,numeric,textfield,,,0,0,0,0,0,0,0,14,0,,,,,0,0,20,0,,0,,,
dec_table1_row_r081c4,Anexa 1 Rînd. 081 col.4,dec/table1/row/r081c4,,,numeric,textfield,,,0,0,0,0,0,0,0,14,0,,,,,0,0,20,0,,0,,,
dec_table1_row_r081c5,Anexa 1 Rînd. 081 col.5,dec/table1/row/r081c5,,,numeric,textfield,,,0,0,0,0,0,0,0,14,0,,,,,0,0,20,0,,0,,,
dec_table1_row_r082c4,Anexa 1 Rînd. 082 col.4,dec/table1/row/r082c4,,,numeric,textfield,,,0,0,0,0,0,0,0,14,0,,,,,0,0,20,0,,0,,,
dec_table1_row_r082c5,Anexa 1 Rînd. 082 col.5,dec/table1/row/r082c5,,,numeric,textfield,,,0,0,0,0,0,0,0,14,0,,,,,0,0,20,0,,0,,,
dec_table1_row_r083c4,Anexa 1 Rînd. 083 col.4,dec/table1/row/r083c4,,,numeric,textfield,,,0,0,0,0,0,0,0,14,0,,,,,0,0,20,0,,0,,,
dec_table1_row_r083c5,Anexa 1 Rînd. 083 col.5,dec/table1/row/r083c5,,,numeric,textfield,,,0,0,0,0,0,0,0,14,0,,,,,0,0,20,0,,0,,,
dec_table1_row_r084c4,Anexa 1 Rînd. 084 col.4,dec/table1/row/r084c4,,,numeric,textfield,,,0,0,0,0,0,0,0,14,0,,,,,0,0,20,0,,0,,,
dec_table1_row_r084c5,Anexa 1 Rînd. 084 col.5,dec/table1/row/r084c5,,,numeric,textfield,,,0,0,0,0,0,0,0,14,0,,,,,0,0,20,0,,0,,,
dec_table1_row_r085c4,Anexa 1 Rînd. 085 col.4,dec/table1/row/r085c4,,,numeric,textfield,,,0,0,0,0,0,0,0,14,0,,,,,0,0,20,0,,0,,,
dec_table1_row_r085c5,Anexa 1 Rînd. 085 col.5,dec/table1/row/r085c5,,,numeric,textfield,,,0,0,0,0,0,0,0,14,0,,,,,0,0,20,0,,0,,,
dec_table1_row_r086c4,Anexa 1 Rînd. 086 col.4,dec/table1/row/r086c4,,,numeric,textfield,,,0,0,0,0,0,0,0,14,0,,,,,0,0,20,0,,0,,,
dec_table1_row_r086c5,Anexa 1 Rînd. 086 col.5,dec/table1/row/r086c5,,,numeric,textfield,,,0,0,0,0,0,0,0,14,0,,,,,0,0,20,0,,0,,,
dec_table1_row_r090c4,Anexa 1 Rînd. 090 col.4,dec/table1/row/r090c4,,,numeric,textfield,,,0,0,0,0,0,0,0,14,0,,,,,0,0,20,0,,0,,,
dec_table1_row_r090c5,Anexa 1 Rînd. 090 col.5,dec/table1/row/r090c5,,,numeric,textfield,,,0,0,0,0,0,0,0,14,0,,,,,0,0,20,0,,0,,,
dec_table1_row_r100c4,Anexa 1 Rînd. 100 col.4,dec/table1/row/r100c4,,,numeric,textfield,,,0,0,0,0,0,0,0,14,0,,,,,0,0,20,0,,0,,,
dec_table1_row_r100c5,Anexa 1 Rînd. 100 col.5,dec/table1/row/r100c5,,,numeric,textfield,,,0,0,0,0,0,0,0,14,0,,,,,0,0,20,0,,0,,,
dec_table1_row_r110c4,Anexa 1 Rînd. 110 col.4,dec/table1/row/r110c4,,,numeric,textfield,,,0,0,0,0,0,0,0,14,0,,,,,0,0,20,0,,0,,,
dec_table1_row_r110c5,Anexa 1 Rînd. 110 col.5,dec/table1/row/r110c5,,,numeric,textfield,,,0,0,0,0,0,0,0,14,0,,,,,0,0,20,0,,0,,,
dec_table1_row_r120c4,Anexa 1 Rînd. 120 col.4,dec/table1/row/r120c4,,,numeric,textfield,,,0,0,0,0,0,0,0,14,0,,,,,0,0,20,0,,0,,,
dec_table1_row_r120c5,Anexa 1 Rînd. 120 col.5,dec/table1/row/r120c5,,,numeric,textfield,,,0,0,0,0,0,0,0,14,0,,,,,0,0,20,0,,0,,,
dec_table1_row_r130c4,Anexa 1 Rînd. 130 col.4,dec/table1/row/r130c4,,,numeric,textfield,,,0,0,0,0,0,1,0,14,0,,,,,0,0,20,0,,0,,,
dec_table1_row_r130c5,Anexa 1 Rînd. 130 col.5,dec/table1/row/r130c5,,,numeric,textfield,,,0,0,0,0,0,1,0,14,0,,,,,0,0,20,0,,0,,,
dec_table1_row_r140c4,Anexa 1 Rînd. 140 col.4,dec/table1/row/r140c4,,,numeric,textfield,,,0,0,0,0,0,0,0,14,0,,,,,0,0,20,0,,0,,,
dec_table1_row_r140c5,Anexa 1 Rînd. 140 col.5,dec/table1/row/r140c5,,,numeric,textfield,,,0,0,0,0,0,0,0,14,0,,,,,0,0,20,0,,0,,,
dec_table1_row_r150c4,Anexa 1 Rînd. 150 col.4,dec/table1/row/r150c4,,,numeric,textfield,,,0,0,0,0,0,0,0,14,0,,,,,0,0,20,0,,0,,,
dec_table1_row_r150c5,Anexa 1 Rînd. 150 col.5,dec/table1/row/r150c5,,,numeric,textfield,,,0,0,0,0,0,0,0,14,0,,,,,0,0,20,0,,0,,,
dec_table1_row_r151c4,Anexa 1 Rînd. 151 col.4,dec/table1/row/r151c4,,,numeric,textfield,,,0,0,0,0,0,0,0,14,0,,,,,0,0,20,0,,0,,,
dec_table1_row_r151c5,Anexa 1 Rînd. 151 col.5,dec/table1/row/r151c5,,,numeric,textfield,,,0,0,0,0,0,0,0,14,0,,,,,0,0,20,0,,0,,,
dec_table1_row_r152c4,Anexa 1 Rînd. 152 col.4,dec/table1/row/r152c4,,,numeric,textfield,,,0,0,0,0,0,0,0,14,0,,,,,0,0,20,0,,0,,,
dec_table1_row_r152c5,Anexa 1 Rînd. 152 col.5,dec/table1/row/r152c5,,,numeric,textfield,,,0,0,0,0,0,0,0,14,0,,,,,0,0,20,0,,0,,,
dec_table1_row_r153c4,Anexa 1 Rînd. 153 col.4,dec/table1/row/r153c4,,,numeric,textfield,,,0,0,0,0,0,0,0,14,0,,,,,0,0,20,0,,0,,,
dec_table1_row_r153c5,Anexa 1 Rînd. 153 col.5,dec/table1/row/r153c5,,,numeric,textfield,,,0,0,0,0,0,0,0,14,0,,,,,0,0,20,0,,0,,,
dec_table1_row_r154c4,Anexa 1 Rînd. 154 col.4,dec/table1/row/r154c4,,,numeric,textfield,,,0,0,0,0,0,0,0,14,0,,,,,0,0,20,0,,0,,,
dec_table1_row_r154c5,Anexa 1 Rînd. 154 col.5,dec/table1/row/r154c5,,,numeric,textfield,,,0,0,0,0,0,0,0,14,0,,,,,0,0,20,0,,0,,,
dec_table1_row_r160c4,Anexa 1 Rînd. 160 col.4,dec/table1/row/r160c4,,,numeric,textfield,,,0,0,0,0,0,1,0,14,0,,,,,0,0,20,0,,0,,,
dec_table1_row_r160c5,Anexa 1 Rînd. 160 col.5,dec/table1/row/r160c5,,,numeric,textfield,,,0,0,0,0,0,1,0,14,0,,,,,0,0,20,0,,0,,,
dec_table1_row_r170c4,Anexa 1 Rînd. 170 col.4,dec/table1/row/r170c4,,,numeric,textfield,,,0,0,0,0,0,0,0,14,0,,,,,0,0,20,0,,0,,,
dec_table1_row_r170c5,Anexa 1 Rînd. 170 col.5,dec/table1/row/r170c5,,,numeric,textfield,,,0,0,0,0,0,0,0,14,0,,,,,0,0,20,0,,0,,,
dec_table1_row_r180c4,Anexa 1 Rînd. 180 col.4,dec/table1/row/r180c4,,,numeric,textfield,,,0,0,0,0,0,0,0,14,0,,,,,0,0,20,0,,0,,,
dec_table1_row_r180c5,Anexa 1 Rînd. 180 col.5,dec/table1/row/r180c5,,,numeric,textfield,,,0,0,0,0,0,0,0,14,0,,,,,0,0,20,0,,0,,,
dec_table1_row_r181c4,Anexa 1 Rînd. 181 col.4,dec/table1/row/r181c4,,,numeric,textfield,,,0,0,0,0,0,0,0,14,0,,,,,0,0,20,0,,0,,,
dec_table1_row_r181c5,Anexa 1 Rînd. 181 col.5,dec/table1/row/r181c5,,,numeric,textfield,,,0,0,0,0,0,0,0,14,0,,,,,0,0,20,0,,0,,,
dec_table1_row_r190c4,Anexa 1 Rînd. 190 col.4,dec/table1/row/r190c4,,,numeric,textfield,,,0,0,0,0,0,0,0,14,0,,,,,0,0,20,0,,0,,,
dec_table1_row_r190c5,Anexa 1 Rînd. 190 col.5,dec/table1/row/r190c5,,,numeric,textfield,,,0,0,0,0,0,0,0,14,0,,,,,0,0,20,0,,0,,,
dec_table1_row_r200c4,Anexa 1 Rînd. 200 col.4,dec/table1/row/r200c4,,,numeric,textfield,,,0,0,0,0,0,0,0,14,0,,,,,0,0,20,0,,0,,,
dec_table1_row_r200c5,Anexa 1 Rînd. 200 col.5,dec/table1/row/r200c5,,,numeric,textfield,,,0,0,0,0,0,0,0,14,0,,,,,0,0,20,0,,0,,,
dec_table1_row_r210c4,Anexa 1 Rînd. 210 col.4,dec/table1/row/r210c4,,,numeric,textfield,,,0,0,0,0,0,0,0,14,0,,,,,0,0,20,0,,0,,,
dec_table1_row_r210c5,Anexa 1 Rînd. 210 col.5,dec/table1/row/r210c5,,,numeric,textfield,,,0,0,0,0,0,0,0,14,0,,,,,0,0,20,0,,0,,,
dec_table1_row_r220c4,Anexa 1 Rînd. 220 col.4,dec/table1/row/r220c4,,,numeric,textfield,,,0,0,0,0,0,1,0,14,0,,,,,0,0,20,0,,0,,,
dec_table1_row_r220c5,Anexa 1 Rînd. 220 col.5,dec/table1/row/r220c5,,,numeric,textfield,,,0,0,0,0,0,1,0,14,0,,,,,0,0,20,0,,0,,,
dec_table1_row_r230c4,Anexa 1 Rînd. 230 col.4,dec/table1/row/r230c4,,,numeric,textfield,,,0,0,0,0,0,1,0,14,0,,,,,0,0,20,0,,0,,,
dec_table1_row_r230c5,Anexa 1 Rînd. 230 col.5,dec/table1/row/r230c5,,,numeric,textfield,,,0,0,0,0,0,1,0,14,0,,,,,0,0,20,0,,0,,,
dec_table1_row_r240c4,Anexa 1 Rînd. 240 col.4,dec/table1/row/r240c4,,,numeric,textfield,,,0,0,0,0,0,0,0,14,0,,,,,0,0,20,0,,0,,,
dec_table1_row_r240c5,Anexa 1 Rînd. 240 col.5,dec/table1/row/r240c5,,,numeric,textfield,,,0,0,0,0,0,0,0,14,0,,,,,0,0,20,0,,0,,,
dec_table1_row_r250c4,Anexa 1 Rînd. 250 col.4,dec/table1/row/r250c4,,,numeric,textfield,,,0,0,0,0,0,0,0,14,0,,,,,0,0,20,0,,0,,,
dec_table1_row_r250c5,Anexa 1 Rînd. 250 col.5,dec/table1/row/r250c5,,,numeric,textfield,,,0,0,0,0,0,0,0,14,0,,,,,0,0,20,0,,0,,,
dec_table1_row_r260c4,Anexa 1 Rînd. 260 col.4,dec/table1/row/r260c4,,,numeric,textfield,,,0,0,0,0,0,0,0,14,0,,,,,0,0,20,0,,0,,,
dec_table1_row_r260c5,Anexa 1 Rînd. 260 col.5,dec/table1/row/r260c5,,,numeric,textfield,,,0,0,0,0,0,0,0,14,0,,,,,0,0,20,0,,0,,,
dec_table1_row_r270c4,Anexa 1 Rînd. 270 col.4,dec/table1/row/r270c4,,,numeric,textfield,,,0,0,0,0,0,0,0,14,0,,,,,0,0,20,0,,0,,,
dec_table1_row_r270c5,Anexa 1 Rînd. 270 col.5,dec/table1/row/r270c5,,,numeric,textfield,,,0,0,0,0,0,0,0,14,0,,,,,0,0,20,0,,0,,,
dec_table1_row_r280c4,Anexa 1 Rînd. 280 col.4,dec/table1/row/r280c4,,,numeric,textfield,,,0,0,0,0,0,0,0,14,0,,,,,0,0,20,0,,0,,,
dec_table1_row_r280c5,Anexa 1 Rînd. 280 col.5,dec/table1/row/r280c5,,,numeric,textfield,,,0,0,0,0,0,0,0,14,0,,,,,0,0,20,0,,0,,,
dec_table1_row_r290c4,Anexa 1 Rînd. 290 col.4,dec/table1/row/r290c4,,,numeric,textfield,,,0,0,0,0,0,1,0,14,0,,,,,0,0,20,0,,0,,,
dec_table1_row_r290c5,Anexa 1 Rînd. 290 col.5,dec/table1/row/r290c5,,,numeric,textfield,,,0,0,0,0,0,1,0,14,0,,,,,0,0,20,0,,0,,,
dec_table1_row_r300c4,Anexa 1 Rînd. 300 col.4,dec/table1/row/r300c4,,,numeric,textfield,,,0,0,0,0,0,0,0,14,0,,,,,0,0,20,0,,0,,,
dec_table1_row_r300c5,Anexa 1 Rînd. 300 col.5,dec/table1/row/r300c5,,,numeric,textfield,,,0,0,0,0,0,0,0,14,0,,,,,0,0,20,0,,0,,,
dec_table1_row_r310c4,Anexa 1 Rînd. 310 col.4,dec/table1/row/r310c4,,,numeric,textfield,,,0,0,0,0,0,0,0,14,0,,,,,0,0,20,0,,0,,,
dec_table1_row_r310c5,Anexa 1 Rînd. 310 col.5,dec/table1/row/r310c5,,,numeric,textfield,,,0,0,0,0,0,0,0,14,0,,,,,0,0,20,0,,0,,,
dec_table1_row_r311c4,Anexa 1 Rînd. 311 col.4,dec/table1/row/r311c4,,,numeric,textfield,,,0,0,0,0,0,0,0,14,0,,,,,0,0,20,0,,0,,,
dec_table1_row_r311c5,Anexa 1 Rînd. 311 col.5,dec/table1/row/r311c5,,,numeric,textfield,,,0,0,0,0,0,0,0,14,0,,,,,0,0,20,0,,0,,,
dec_table1_row_r320c4,Anexa 1 Rînd. 320 col.4,dec/table1/row/r320c4,,,numeric,textfield,,,0,0,0,0,0,0,0,14,0,,,,,0,0,20,0,,0,,,
dec_table1_row_r320c5,Anexa 1 Rînd. 320 col.5,dec/table1/row/r320c5,,,numeric,textfield,,,0,0,0,0,0,0,0,14,0,,,,,0,0,20,0,,0,,,
dec_table1_row_r330c4,Anexa 1 Rînd. 330 col.4,dec/table1/row/r330c4,,,numeric,textfield,,,0,0,0,0,0,0,0,14,0,,,,,0,0,20,0,,0,,,
dec_table1_row_r330c5,Anexa 1 Rînd. 330 col.5,dec/table1/row/r330c5,,,numeric,textfield,,,0,0,0,0,0,0,0,14,0,,,,,0,0,20,0,,0,,,
dec_table1_row_r340c4,Anexa 1 Rînd. 340 col.4,dec/table1/row/r340c4,,,numeric,textfield,,,0,0,0,0,0,0,0,14,0,,,,,0,0,20,0,,0,,,
dec_table1_row_r340c5,Anexa 1 Rînd. 340 col.5,dec/table1/row/r340c5,,,numeric,textfield,,,0,0,0,0,0,0,0,14,0,,,,,0,0,20,0,,0,,,
dec_table1_row_r350c4,Anexa 1 Rînd. 350 col.4,dec/table1/row/r350c4,,,numeric,textfield,,,0,0,0,0,0,0,0,14,0,,,,,0,0,20,0,,0,,,
dec_table1_row_r350c5,Anexa 1 Rînd. 350 col.5,dec/table1/row/r350c5,,,numeric,textfield,,,0,0,0,0,0,0,0,14,0,,,,,0,0,20,0,,0,,,
dec_table1_row_r360c4,Anexa 1 Rînd. 360 col.4,dec/table1/row/r360c4,,,numeric,textfield,,,0,0,0,0,0,0,0,14,0,,,,,0,0,20,0,,0,,,
dec_table1_row_r360c5,Anexa 1 Rînd. 360 col.5,dec/table1/row/r360c5,,,numeric,textfield,,,0,0,0,0,0,0,0,14,0,,,,,0,0,20,0,,0,,,
dec_table1_row_r370c4,Anexa 1 Rînd. 370 col.4,dec/table1/row/r370c4,,,numeric,textfield,,,0,0,0,0,0,1,0,14,0,,,,,0,0,20,0,,0,,,
dec_table1_row_r370c5,Anexa 1 Rînd. 370 col.5,dec/table1/row/r370c5,,,numeric,textfield,,,0,0,0,0,0,1,0,14,0,,,,,0,0,20,0,,0,,,
dec_table1_row_r380c4,Anexa 1 Rînd. 380 col.4,dec/table1/row/r380c4,,,numeric,textfield,,,0,0,0,0,0,0,0,14,0,,,,,0,0,20,0,,0,,,
dec_table1_row_r380c5,Anexa 1 Rînd. 380 col.5,dec/table1/row/r380c5,,,numeric,textfield,,,0,0,0,0,0,0,0,14,0,,,,,0,0,20,0,,0,,,
dec_table1_row_r390c4,Anexa 1 Rînd. 390 col.4,dec/table1/row/r390c4,,,numeric,textfield,,,0,0,0,0,0,0,0,14,0,,,,,0,0,20,0,,0,,,
dec_table1_row_r390c5,Anexa 1 Rînd. 390 col.5,dec/table1/row/r390c5,,,numeric,textfield,,,0,0,0,0,0,0,0,14,0,,,,,0,0,20,0,,0,,,
dec_table1_row_r391c4,Anexa 1 Rînd. 391 col.4,dec/table1/row/r391c4,,,numeric,textfield,,,0,0,0,0,0,0,0,14,0,,,,,0,0,20,0,,0,,,
dec_table1_row_r391c5,Anexa 1 Rînd. 391 col.5,dec/table1/row/r391c5,,,numeric,textfield,,,0,0,0,0,0,0,0,14,0,,,,,0,0,20,0,,0,,,
dec_table1_row_r392c4,Anexa 1 Rînd. 392 col.4,dec/table1/row/r392c4,,,numeric,textfield,,,0,0,0,0,0,0,0,14,0,,,,,0,0,20,0,,0,,,
dec_table1_row_r392c5,Anexa 1 Rînd. 392 col.5,dec/table1/row/r392c5,,,numeric,textfield,,,0,0,0,0,0,0,0,14,0,,,,,0,0,20,0,,0,,,
dec_table1_row_r393c4,Anexa 1 Rînd. 393 col.4,dec/table1/row/r393c4,,,numeric,textfield,,,0,0,0,0,0,0,0,14,0,,,,,0,0,20,0,,0,,,
dec_table1_row_r393c5,Anexa 1 Rînd. 393 col.5,dec/table1/row/r393c5,,,numeric,textfield,,,0,0,0,0,0,0,0,14,0,,,,,0,0,20,0,,0,,,
dec_table1_row_r394c4,Anexa 1 Rînd. 394 col.4,dec/table1/row/r394c4,,,numeric,textfield,,,0,0,0,0,0,0,0,14,0,,,,,0,0,20,0,,0,,,
dec_table1_row_r394c5,Anexa 1 Rînd. 394 col.5,dec/table1/row/r394c5,,,numeric,textfield,,,0,0,0,0,0,0,0,14,0,,,,,0,0,20,0,,0,,,
dec_table1_row_r400c4,Anexa 1 Rînd. 400 col.4,dec/table1/row/r400c4,,,numeric,textfield,,,0,0,0,0,0,1,0,14,0,,,,,0,0,20,0,,0,,,
dec_table1_row_r400c5,Anexa 1 Rînd. 400 col.5,dec/table1/row/r400c5,,,numeric,textfield,,,0,0,0,0,0,1,0,14,0,,,,,0,0,20,0,,0,,,
dec_table1_row_r410c4,Anexa 1 Rînd. 410 col.4,dec/table1/row/r410c4,,,numeric,textfield,,,0,0,0,0,0,0,0,14,0,,,,,0,0,20,0,,0,,,
dec_table1_row_r410c5,Anexa 1 Rînd. 410 col.5,dec/table1/row/r410c5,,,numeric,textfield,,,0,0,0,0,0,0,0,14,0,,,,,0,0,20,0,,0,,,
dec_table1_row_r420c4,Anexa 1 Rînd. 420 col.4,dec/table1/row/r420c4,,,numeric,textfield,,,0,0,0,0,0,1,0,14,0,,,,,0,0,20,0,,0,,,
dec_table1_row_r420c5,Anexa 1 Rînd. 420 col.5,dec/table1/row/r420c5,,,numeric,textfield,,,0,0,0,0,0,1,0,14,0,,,,,0,0,20,0,,0,,,
dec_table1_row_r430c4,Anexa 1 Rînd. 430 col.4,dec/table1/row/r430c4,,,numeric,textfield,,,0,0,0,0,0,1,0,14,0,,,,,0,0,20,0,,0,,,
dec_table1_row_r430c5,Anexa 1 Rînd. 430 col.5,dec/table1/row/r430c5,,,numeric,textfield,,,0,0,0,0,0,1,0,14,0,,,,,0,0,20,0,,0,,,
dec_table1_row_r440c4,Anexa 1 Rînd. 440 col.4,dec/table1/row/r440c4,,,numeric,textfield,,,0,0,0,0,0,0,0,14,0,,,,,0,0,20,0,,0,,,
dec_table1_row_r440c5,Anexa 1 Rînd. 440 col.5,dec/table1/row/r440c5,,,numeric,textfield,,,0,0,0,0,0,0,0,14,0,,,,,0,0,20,0,,0,,,
dec_table1_row_r450c4,Anexa 1 Rînd. 450 col.4,dec/table1/row/r450c4,,,numeric,textfield,,,0,0,0,0,0,0,0,14,0,,,allow-negative;;1,,0,0,20,0,,0,,,
dec_table1_row_r450c5,Anexa 1 Rînd. 450 col.5,dec/table1/row/r450c5,,,numeric,textfield,,,0,0,0,0,0,0,0,14,0,,,allow-negative;;1,,0,0,20,0,,0,,,
dec_table1_row_r460c4,Anexa 1 Rînd. 460 col.4,dec/table1/row/r460c4,,,numeric,textfield,,,0,0,0,0,0,0,0,14,0,,,,,0,0,20,0,,0,,,
dec_table1_row_r460c5,Anexa 1 Rînd. 460 col.5,dec/table1/row/r460c5,,,numeric,textfield,,,0,0,0,0,0,0,0,14,0,,,,,0,0,20,0,,0,,,
dec_table1_row_r470c4,Anexa 1 Rînd. 470 col.4,dec/table1/row/r470c4,,,numeric,textfield,,,0,0,0,0,0,0,0,14,0,,,allow-negative;;1,,0,0,20,0,,0,,,
dec_table1_row_r470c5,Anexa 1 Rînd. 470 col.5,dec/table1/row/r470c5,,,numeric,textfield,,,0,0,0,0,0,0,0,14,0,,,allow-negative;;1,,0,0,20,0,,0,,,
dec_table1_row_r480c4,Anexa 1 Rînd. 480 col.4,dec/table1/row/r480c4,,,numeric,textfield,,,0,0,0,0,0,0,0,14,0,,,,,0,0,20,0,,0,,,
dec_table1_row_r480c5,Anexa 1 Rînd. 480 col.5,dec/table1/row/r480c5,,,numeric,textfield,,,0,0,0,0,0,0,0,14,0,,,,,0,0,20,0,,0,,,
dec_table1_row_r490c4,Anexa 1 Rînd. 490 col.4,dec/table1/row/r490c4,,,numeric,textfield,,,0,0,0,0,0,1,0,14,0,,,,,0,0,20,0,,0,,,
dec_table1_row_r490c5,Anexa 1 Rînd. 490 col.5,dec/table1/row/r490c5,,,numeric,textfield,,,0,0,0,0,0,1,0,14,0,,,,,0,0,20,0,,0,,,
dec_table1_row_r500c4,Anexa 1 Rînd. 500 col.4,dec/table1/row/r500c4,,,numeric,textfield,,,0,0,0,0,0,0,0,14,0,,,,,0,0,20,0,,0,,,
dec_table1_row_r500c5,Anexa 1 Rînd. 500 col.5,dec/table1/row/r500c5,,,numeric,textfield,,,0,0,0,0,0,0,0,14,0,,,,,0,0,20,0,,0,,,
dec_table1_row_r510c4,Anexa 1 Rînd. 510 col.4,dec/table1/row/r510c4,,,numeric,textfield,,,0,0,0,0,0,0,0,14,0,,,,,0,0,20,0,,0,,,
dec_table1_row_r510c5,Anexa 1 Rînd. 510 col.5,dec/table1/row/r510c5,,,numeric,textfield,,,0,0,0,0,0,0,0,14,0,,,,,0,0,20,0,,0,,,
dec_table1_row_r520c4,Anexa 1 Rînd. 520 col.4,dec/table1/row/r520c4,,,numeric,textfield,,,0,0,0,0,0,0,0,14,0,,,,,0,0,20,0,,0,,,
dec_table1_row_r520c5,Anexa 1 Rînd. 520 col.5,dec/table1/row/r520c5,,,numeric,textfield,,,0,0,0,0,0,0,0,14,0,,,,,0,0,20,0,,0,,,
dec_table1_row_r530c4,Anexa 1 Rînd. 530 col.4,dec/table1/row/r530c4,,,numeric,textfield,,,0,0,0,0,0,0,0,14,0,,,,,0,0,20,0,,0,,,
dec_table1_row_r530c5,Anexa 1 Rînd. 530 col.5,dec/table1/row/r530c5,,,numeric,textfield,,,0,0,0,0,0,0,0,14,0,,,,,0,0,20,0,,0,,,
dec_table1_row_r540c4,Anexa 1 Rînd. 540 col.4,dec/table1/row/r540c4,,,numeric,textfield,,,0,0,0,0,0,1,0,14,0,,,,,0,0,20,0,,0,,,
dec_table1_row_r540c5,Anexa 1 Rînd. 540 col.5,dec/table1/row/r540c5,,,numeric,textfield,,,0,0,0,0,0,1,0,14,0,,,,,0,0,20,0,,0,,,
dec_table1_row_r550c5,Anexa 1 Rînd. 550 col.5,dec/table1/row/r550c5,,,numeric,textfield,,,0,0,0,0,0,0,0,14,0,,,allow-negative;;1,,0,0,20,0,,0,,,
dec_table1_row_r560c4,Anexa 1 Rînd. 560 col.4,dec/table1/row/r560c4,,,numeric,textfield,,,0,0,0,0,0,0,0,14,0,,,allow-negative;;1,,0,0,20,0,,0,,,
dec_table1_row_r560c5,Anexa 1 Rînd. 560 col.5,dec/table1/row/r560c5,,,numeric,textfield,,,0,0,0,0,0,0,0,14,0,,,allow-negative;;1,,0,0,20,0,,0,,,
dec_table1_row_r570c5,Anexa 1 Rînd. 570 col.5,dec/table1/row/r570c5,,,numeric,textfield,,,0,0,0,0,0,0,0,14,0,,,allow-negative;;1,,0,0,20,0,,0,,,
dec_table1_row_r580c5,Anexa 1 Rînd. 580 col.5,dec/table1/row/r580c5,,,numeric,textfield,,,0,0,0,0,0,0,0,14,0,,,allow-negative;;1,,0,0,20,0,,0,,,
dec_table1_row_r590c4,Anexa 1 Rînd. 590 col.4,dec/table1/row/r590c4,,,numeric,textfield,,,0,0,0,0,0,1,0,14,0,,,allow-negative;;1,,0,0,20,0,,0,,,
dec_table1_row_r590c5,Anexa 1 Rînd. 590 col.5,dec/table1/row/r590c5,,,numeric,textfield,,,0,0,0,0,0,1,0,14,0,,,allow-negative;;1,,0,0,20,0,,0,,,
dec_table1_row_r600c4,Anexa 1 Rînd. 600 col.4,dec/table1/row/r600c4,,,numeric,textfield,,,0,0,0,0,0,0,0,14,0,,,,,0,0,20,0,,0,,,
dec_table1_row_r600c5,Anexa 1 Rînd. 600 col.5,dec/table1/row/r600c5,,,numeric,textfield,,,0,0,0,0,0,0,0,14,0,,,,,0,0,20,0,,0,,,
dec_table1_row_r610c4,Anexa 1 Rînd. 610 col.4,dec/table1/row/r610c4,,,numeric,textfield,,,0,0,0,0,0,0,0,14,0,,,,,0,0,20,0,,0,,,
dec_table1_row_r610c5,Anexa 1 Rînd. 610 col.5,dec/table1/row/r610c5,,,numeric,textfield,,,0,0,0,0,0,0,0,14,0,,,,,0,0,20,0,,0,,,
dec_table1_row_r620c4,Anexa 1 Rînd. 620 col.4,dec/table1/row/r620c4,,,numeric,textfield,,,0,0,0,0,0,1,0,14,0,,,allow-negative;;1,,0,0,20,0,,0,,,
dec_table1_row_r620c5,Anexa 1 Rînd. 620 col.5,dec/table1/row/r620c5,,,numeric,textfield,,,0,0,0,0,0,1,0,14,0,,,allow-negative;;1,,0,0,20,0,,0,,,
dec_table1_row_r630c4,Anexa 1 Rînd. 630 col.4,dec/table1/row/r630c4,,,numeric,textfield,,,0,0,0,0,0,0,0,14,0,,,,,0,0,20,0,,0,,,
dec_table1_row_r630c5,Anexa 1 Rînd. 630 col.5,dec/table1/row/r630c5,,,numeric,textfield,,,0,0,0,0,0,0,0,14,0,,,,,0,0,20,0,,0,,,
dec_table1_row_r640c4,Anexa 1 Rînd. 640 col.4,dec/table1/row/r640c4,,,numeric,textfield,,,0,0,0,0,0,0,0,14,0,,,,,0,0,20,0,,0,,,
dec_table1_row_r640c5,Anexa 1 Rînd. 640 col.5,dec/table1/row/r640c5,,,numeric,textfield,,,0,0,0,0,0,0,0,14,0,,,,,0,0,20,0,,0,,,
dec_table1_row_r641c4,Anexa 1 Rînd. 641 col.4,dec/table1/row/r641c4,,,numeric,textfield,,,0,0,0,0,0,0,0,14,0,,,,,0,0,20,0,,0,,,
dec_table1_row_r641c5,Anexa 1 Rînd. 641 col.5,dec/table1/row/r641c5,,,numeric,textfield,,,0,0,0,0,0,0,0,14,0,,,,,0,0,20,0,,0,,,
dec_table1_row_r642c4,Anexa 1 Rînd. 642 col.4,dec/table1/row/r642c4,,,numeric,textfield,,,0,0,0,0,0,0,0,14,0,,,,,0,0,20,0,,0,,,
dec_table1_row_r642c5,Anexa 1 Rînd. 642 col.5,dec/table1/row/r642c5,,,numeric,textfield,,,0,0,0,0,0,0,0,14,0,,,,,0,0,20,0,,0,,,
dec_table1_row_r643c4,Anexa 1 Rînd. 643 col.4,dec/table1/row/r643c4,,,numeric,textfield,,,0,0,0,0,0,0,0,14,0,,,,,0,0,20,0,,0,,,
dec_table1_row_r643c5,Anexa 1 Rînd. 643 col.5,dec/table1/row/r643c5,,,numeric,textfield,,,0,0,0,0,0,0,0,14,0,,,,,0,0,20,0,,0,,,
dec_table1_row_r650c4,Anexa 1 Rînd. 650 col.4,dec/table1/row/r650c4,,,numeric,textfield,,,0,0,0,0,0,0,0,14,0,,,,,0,0,20,0,,0,,,
dec_table1_row_r650c5,Anexa 1 Rînd. 650 col.5,dec/table1/row/r650c5,,,numeric,textfield,,,0,0,0,0,0,0,0,14,0,,,,,0,0,20,0,,0,,,
dec_table1_row_r660c4,Anexa 1 Rînd. 660 col.4,dec/table1/row/r660c4,,,numeric,textfield,,,0,0,0,0,0,0,0,14,0,,,,,0,0,20,0,,0,,,
dec_table1_row_r660c5,Anexa 1 Rînd. 660 col.5,dec/table1/row/r660c5,,,numeric,textfield,,,0,0,0,0,0,0,0,14,0,,,,,0,0,20,0,,0,,,
dec_table1_row_r661c4,Anexa 1 Rînd. 661 col.4,dec/table1/row/r661c4,,,numeric,textfield,,,0,0,0,0,0,0,0,14,0,,,,,0,0,20,0,,0,,,
dec_table1_row_r661c5,Anexa 1 Rînd. 661 col.5,dec/table1/row/r661c5,,,numeric,textfield,,,0,0,0,0,0,0,0,14,0,,,,,0,0,20,0,,0,,,
dec_table1_row_r670c4,Anexa 1 Rînd. 670 col.4,dec/table1/row/r670c4,,,numeric,textfield,,,0,0,0,0,0,0,0,14,0,,,,,0,0,20,0,,0,,,
dec_table1_row_r670c5,Anexa 1 Rînd. 670 col.5,dec/table1/row/r670c5,,,numeric,textfield,,,0,0,0,0,0,0,0,14,0,,,,,0,0,20,0,,0,,,
dec_table1_row_r680c4,Anexa 1 Rînd. 680 col.4,dec/table1/row/r680c4,,,numeric,textfield,,,0,0,0,0,0,0,0,14,0,,,,,0,0,20,0,,0,,,
dec_table1_row_r680c5,Anexa 1 Rînd. 680 col.5,dec/table1/row/r680c5,,,numeric,textfield,,,0,0,0,0,0,0,0,14,0,,,,,0,0,20,0,,0,,,
dec_table1_row_r690c4,Anexa 1 Rînd. 690 col.4,dec/table1/row/r690c4,,,numeric,textfield,,,0,0,0,0,0,0,0,14,0,,,,,0,0,20,0,,0,,,
dec_table1_row_r690c5,Anexa 1 Rînd. 690 col.5,dec/table1/row/r690c5,,,numeric,textfield,,,0,0,0,0,0,0,0,14,0,,,,,0,0,20,0,,0,,,
dec_table1_row_r700c4,Anexa 1 Rînd. 700 col.4,dec/table1/row/r700c4,,,numeric,textfield,,,0,0,0,0,0,1,0,14,0,,,,,0,0,20,0,,0,,,
dec_table1_row_r700c5,Anexa 1 Rînd. 700 col.5,dec/table1/row/r700c5,,,numeric,textfield,,,0,0,0,0,0,1,0,14,0,,,,,0,0,20,0,,0,,,
dec_table1_row_r710c4,Anexa 1 Rînd. 710 col.4,dec/table1/row/r710c4,,,numeric,textfield,,,0,0,0,0,0,0,0,14,0,,,,,0,0,20,0,,0,,,
dec_table1_row_r710c5,Anexa 1 Rînd. 710 col.5,dec/table1/row/r710c5,,,numeric,textfield,,,0,0,0,0,0,0,0,14,0,,,,,0,0,20,0,,0,,,
dec_table1_row_r720c4,Anexa 1 Rînd. 720 col.4,dec/table1/row/r720c4,,,numeric,textfield,,,0,0,0,0,0,1,0,14,0,,,,,0,0,20,0,,0,,,
dec_table1_row_r720c5,Anexa 1 Rînd. 720 col.5,dec/table1/row/r720c5,,,numeric,textfield,,,0,0,0,0,0,1,0,14,0,,,,,0,0,20,0,,0,,,
dec_table1_row_r721c4,Anexa 1 Rînd. 721 col.4,dec/table1/row/r721c4,,,numeric,textfield,,,0,0,0,0,0,0,0,14,0,,,,,0,0,20,0,,0,,,
dec_table1_row_r721c5,Anexa 1 Rînd. 721 col.5,dec/table1/row/r721c5,,,numeric,textfield,,,0,0,0,0,0,0,0,14,0,,,,,0,0,20,0,,0,,,
dec_table1_row_r722c4,Anexa 1 Rînd. 722 col.4,dec/table1/row/r722c4,,,numeric,textfield,,,0,0,0,0,0,0,0,14,0,,,,,0,0,20,0,,0,,,
dec_table1_row_r722c5,Anexa 1 Rînd. 722 col.5,dec/table1/row/r722c5,,,numeric,textfield,,,0,0,0,0,0,0,0,14,0,,,,,0,0,20,0,,0,,,
dec_table1_row_r723c4,Anexa 1 Rînd. 723 col.4,dec/table1/row/r723c4,,,numeric,textfield,,,0,0,0,0,0,0,0,14,0,,,,,0,0,20,0,,0,,,
dec_table1_row_r723c5,Anexa 1 Rînd. 723 col.5,dec/table1/row/r723c5,,,numeric,textfield,,,0,0,0,0,0,0,0,14,0,,,,,0,0,20,0,,0,,,
dec_table1_row_r730c4,Anexa 1 Rînd. 730 col.4,dec/table1/row/r730c4,,,numeric,textfield,,,0,0,0,0,0,0,0,14,0,,,,,0,0,20,0,,0,,,
dec_table1_row_r730c5,Anexa 1 Rînd. 730 col.5,dec/table1/row/r730c5,,,numeric,textfield,,,0,0,0,0,0,0,0,14,0,,,,,0,0,20,0,,0,,,
dec_table1_row_r740c4,Anexa 1 Rînd. 740 col.4,dec/table1/row/r740c4,,,numeric,textfield,,,0,0,0,0,0,0,0,14,0,,,,,0,0,20,0,,0,,,
dec_table1_row_r740c5,Anexa 1 Rînd. 740 col.5,dec/table1/row/r740c5,,,numeric,textfield,,,0,0,0,0,0,0,0,14,0,,,,,0,0,20,0,,0,,,
dec_table1_row_r741c4,Anexa 1 Rînd. 741 col.4,dec/table1/row/r741c4,,,numeric,textfield,,,0,0,0,0,0,0,0,14,0,,,,,0,0,20,0,,0,,,
dec_table1_row_r741c5,Anexa 1 Rînd. 741 col.5,dec/table1/row/r741c5,,,numeric,textfield,,,0,0,0,0,0,0,0,14,0,,,,,0,0,20,0,,0,,,
dec_table1_row_r750c4,Anexa 1 Rînd. 750 col.4,dec/table1/row/r750c4,,,numeric,textfield,,,0,0,0,0,0,0,0,14,0,,,,,0,0,20,0,,0,,,
dec_table1_row_r750c5,Anexa 1 Rînd. 750 col.5,dec/table1/row/r750c5,,,numeric,textfield,,,0,0,0,0,0,0,0,14,0,,,,,0,0,20,0,,0,,,
dec_table1_row_r760c4,Anexa 1 Rînd. 760 col.4,dec/table1/row/r760c4,,,numeric,textfield,,,0,0,0,0,0,0,0,14,0,,,,,0,0,20,0,,0,,,
dec_table1_row_r760c5,Anexa 1 Rînd. 760 col.5,dec/table1/row/r760c5,,,numeric,textfield,,,0,0,0,0,0,0,0,14,0,,,,,0,0,20,0,,0,,,
dec_table1_row_r770c4,Anexa 1 Rînd. 770 col.4,dec/table1/row/r770c4,,,numeric,textfield,,,0,0,0,0,0,0,0,14,0,,,,,0,0,20,0,,0,,,
dec_table1_row_r770c5,Anexa 1 Rînd. 770 col.5,dec/table1/row/r770c5,,,numeric,textfield,,,0,0,0,0,0,0,0,14,0,,,,,0,0,20,0,,0,,,
dec_table1_row_r780c4,Anexa 1 Rînd. 780 col.4,dec/table1/row/r780c4,,,numeric,textfield,,,0,0,0,0,0,0,0,14,0,,,,,0,0,20,0,,0,,,
dec_table1_row_r780c5,Anexa 1 Rînd. 780 col.5,dec/table1/row/r780c5,,,numeric,textfield,,,0,0,0,0,0,0,0,14,0,,,,,0,0,20,0,,0,,,
dec_table1_row_r790c4,Anexa 1 Rînd. 790 col.4,dec/table1/row/r790c4,,,numeric,textfield,,,0,0,0,0,0,0,0,14,0,,,,,0,0,20,0,,0,,,
dec_table1_row_r790c5,Anexa 1 Rînd. 790 col.5,dec/table1/row/r790c5,,,numeric,textfield,,,0,0,0,0,0,0,0,14,0,,,,,0,0,20,0,,0,,,
dec_table1_row_r800c4,Anexa 1 Rînd. 800 col.4,dec/table1/row/r800c4,,,numeric,textfield,,,0,0,0,0,0,0,0,14,0,,,,,0,0,20,0,,0,,,
dec_table1_row_r800c5,Anexa 1 Rînd. 800 col.5,dec/table1/row/r800c5,,,numeric,textfield,,,0,0,0,0,0,0,0,14,0,,,,,0,0,20,0,,0,,,
dec_table1_row_r810c4,Anexa 1 Rînd. 810 col.4,dec/table1/row/r810c4,,,numeric,textfield,,,0,0,0,0,0,0,0,14,0,,,,,0,0,20,0,,0,,,
dec_table1_row_r810c5,Anexa 1 Rînd. 810 col.5,dec/table1/row/r810c5,,,numeric,textfield,,,0,0,0,0,0,0,0,14,0,,,,,0,0,20,0,,0,,,
dec_table1_row_r820c4,Anexa 1 Rînd. 820 col.4,dec/table1/row/r820c4,,,numeric,textfield,,,0,0,0,0,0,1,0,14,0,,,,,0,0,20,0,,0,,,
dec_table1_row_r820c5,Anexa 1 Rînd. 820 col.5,dec/table1/row/r820c5,,,numeric,textfield,,,0,0,0,0,0,1,0,14,0,,,,,0,0,20,0,,0,,,
dec_table1_row_r830c4,Anexa 1 Rînd. 830 col.4,dec/table1/row/r830c4,,,numeric,textfield,,,0,0,0,0,0,0,0,14,0,,,,,0,0,20,0,,0,,,
dec_table1_row_r830c5,Anexa 1 Rînd. 830 col.5,dec/table1/row/r830c5,,,numeric,textfield,,,0,0,0,0,0,0,0,14,0,,,,,0,0,20,0,,0,,,
dec_table1_row_r840c4,Anexa 1 Rînd. 840 col.4,dec/table1/row/r840c4,,,numeric,textfield,,,0,0,0,0,0,0,0,14,0,,,,,0,0,20,0,,0,,,
dec_table1_row_r840c5,Anexa 1 Rînd. 840 col.5,dec/table1/row/r840c5,,,numeric,textfield,,,0,0,0,0,0,0,0,14,0,,,,,0,0,20,0,,0,,,
dec_table1_row_r850c4,Anexa 1 Rînd. 850 col.4,dec/table1/row/r850c4,,,numeric,textfield,,,0,0,0,0,0,0,0,14,0,,,,,0,0,20,0,,0,,,
dec_table1_row_r850c5,Anexa 1 Rînd. 850 col.5,dec/table1/row/r850c5,,,numeric,textfield,,,0,0,0,0,0,0,0,14,0,,,,,0,0,20,0,,0,,,
dec_table1_row_r860c4,Anexa 1 Rînd. 860 col.4,dec/table1/row/r860c4,,,numeric,textfield,,,0,0,0,0,0,0,0,14,0,,,,,0,0,20,0,,0,,,
dec_table1_row_r860c5,Anexa 1 Rînd. 860 col.5,dec/table1/row/r860c5,,,numeric,textfield,,,0,0,0,0,0,0,0,14,0,,,,,0,0,20,0,,0,,,
dec_table1_row_r870c4,Anexa 1 Rînd. 870 col.4,dec/table1/row/r870c4,,,numeric,textfield,,,0,0,0,0,0,1,0,14,0,,,,,0,0,20,0,,0,,,
dec_table1_row_r870c5,Anexa 1 Rînd. 870 col.5,dec/table1/row/r870c5,,,numeric,textfield,,,0,0,0,0,0,1,0,14,0,,,,,0,0,20,0,,0,,,
dec_table1_row_r880c4,Anexa 1 Rînd. 880 col.4,dec/table1/row/r880c4,,,numeric,textfield,,,0,0,0,0,0,1,0,14,0,,,,,0,0,20,0,,0,,,
dec_table1_row_r880c5,Anexa 1 Rînd. 880 col.5,dec/table1/row/r880c5,,,numeric,textfield,,,0,0,0,0,0,1,0,14,0,,,,,0,0,20,0,,0,,,
dec_table2_row_datedela,"Situația de profit și pierdere de la (data), Anexa 2",dec/table2/row/datedela,,,date,textfield,,,0,0,0,0,0,0,0,14,0,,,,,0,0,20,0,,0,,,
dec_table2_row_datepinala,"Situația de profit și pierdere pănă la (data), Anexa 2",dec/table2/row/datepinala,,,date,textfield,,,0,0,0,0,0,0,0,14,0,,,,,0,0,20,0,,0,,,
dec_table2_row_r010c3,Anexa 2 Rînd. 010 col.3,dec/table2/row/r010c3,,,numeric,textfield,,,0,0,0,0,0,0,0,14,0,,,,,0,0,20,0,,0,,,
dec_table2_row_r010c4,Anexa 2 Rînd. 010 col.4,dec/table2/row/r010c4,,,numeric,textfield,,,0,0,0,0,0,0,0,14,0,,,,,0,0,20,0,,0,,,
dec_table2_row_r011c3,Anexa 2 Rînd. 011 col.3,dec/table2/row/r011c3,,,numeric,textfield,,,0,0,0,0,0,0,0,14,0,,,,,0,0,20,0,,0,,,
dec_table2_row_r011c4,Anexa 2 Rînd. 011 col.4,dec/table2/row/r011c4,,,numeric,textfield,,,0,0,0,0,0,0,0,14,0,,,,,0,0,20,0,,0,,,
dec_table2_row_r012c3,Anexa 2 Rînd. 012 col.3,dec/table2/row/r012c3,,,numeric,textfield,,,0,0,0,0,0,0,0,14,0,,,,,0,0,20,0,,0,,,
dec_table2_row_r012c4,Anexa 2 Rînd. 012 col.4,dec/table2/row/r012c4,,,numeric,textfield,,,0,0,0,0,0,0,0,14,0,,,,,0,0,20,0,,0,,,
dec_table2_row_r013c3,Anexa 2 Rînd. 013 col.3,dec/table2/row/r013c3,,,numeric,textfield,,,0,0,0,0,0,0,0,14,0,,,,,0,0,20,0,,0,,,
dec_table2_row_r013c4,Anexa 2 Rînd. 013 col.4,dec/table2/row/r013c4,,,numeric,textfield,,,0,0,0,0,0,0,0,14,0,,,,,0,0,20,0,,0,,,
dec_table2_row_r014c3,Anexa 2 Rînd. 014 col.3,dec/table2/row/r014c3,,,numeric,textfield,,,0,0,0,0,0,0,0,14,0,,,,,0,0,20,0,,0,,,
dec_table2_row_r014c4,Anexa 2 Rînd. 014 col.4,dec/table2/row/r014c4,,,numeric,textfield,,,0,0,0,0,0,0,0,14,0,,,,,0,0,20,0,,0,,,
dec_table2_row_r015c3,Anexa 2 Rînd. 015 col.3,dec/table2/row/r015c3,,,numeric,textfield,,,0,0,0,0,0,0,0,14,0,,,,,0,0,20,0,,0,,,
dec_table2_row_r015c4,Anexa 2 Rînd. 015 col.4,dec/table2/row/r015c4,,,numeric,textfield,,,0,0,0,0,0,0,0,14,0,,,,,0,0,20,0,,0,,,
dec_table2_row_r016c3,Anexa 2 Rînd. 016 col.3,dec/table2/row/r016c3,,,numeric,textfield,,,0,0,0,0,0,0,0,14,0,,,,,0,0,20,0,,0,,,
dec_table2_row_r016c4,Anexa 2 Rînd. 016 col.4,dec/table2/row/r016c4,,,numeric,textfield,,,0,0,0,0,0,0,0,14,0,,,,,0,0,20,0,,0,,,
dec_table2_row_r020c3,Anexa 2 Rînd. 020 col.3,dec/table2/row/r020c3,,,numeric,textfield,,,0,0,0,0,0,0,0,14,0,,,,,0,0,20,0,,0,,,
dec_table2_row_r020c4,Anexa 2 Rînd. 020 col.4,dec/table2/row/r020c4,,,numeric,textfield,,,0,0,0,0,0,0,0,14,0,,,,,0,0,20,0,,0,,,
dec_table2_row_r021c3,Anexa 2 Rînd. 021 col.3,dec/table2/row/r021c3,,,numeric,textfield,,,0,0,0,0,0,0,0,14,0,,,,,0,0,20,0,,0,,,
dec_table2_row_r021c4,Anexa 2 Rînd. 021 col.4,dec/table2/row/r021c4,,,numeric,textfield,,,0,0,0,0,0,0,0,14,0,,,,,0,0,20,0,,0,,,
dec_table2_row_r022c3,Anexa 2 Rînd. 022 col.3,dec/table2/row/r022c3,,,numeric,textfield,,,0,0,0,0,0,0,0,14,0,,,,,0,0,20,0,,0,,,
dec_table2_row_r022c4,Anexa 2 Rînd. 022 col.4,dec/table2/row/r022c4,,,numeric,textfield,,,0,0,0,0,0,0,0,14,0,,,,,0,0,20,0,,0,,,
dec_table2_row_r023c3,Anexa 2 Rînd. 023 col.3,dec/table2/row/r023c3,,,numeric,textfield,,,0,0,0,0,0,0,0,14,0,,,,,0,0,20,0,,0,,,
dec_table2_row_r023c4,Anexa 2 Rînd. 023 col.4,dec/table2/row/r023c4,,,numeric,textfield,,,0,0,0,0,0,0,0,14,0,,,,,0,0,20,0,,0,,,
dec_table2_row_r024c3,Anexa 2 Rînd. 024 col.3,dec/table2/row/r024c3,,,numeric,textfield,,,0,0,0,0,0,0,0,14,0,,,,,0,0,20,0,,0,,,
dec_table2_row_r024c4,Anexa 2 Rînd. 024 col.4,dec/table2/row/r024c4,,,numeric,textfield,,,0,0,0,0,0,0,0,14,0,,,,,0,0,20,0,,0,,,
dec_table2_row_r025c3,Anexa 2 Rînd. 025 col.3,dec/table2/row/r025c3,,,numeric,textfield,,,0,0,0,0,0,0,0,14,0,,,,,0,0,20,0,,0,,,
dec_table2_row_r025c4,Anexa 2 Rînd. 025 col.4,dec/table2/row/r025c4,,,numeric,textfield,,,0,0,0,0,0,0,0,14,0,,,,,0,0,20,0,,0,,,
dec_table2_row_r026c3,Anexa 2 Rînd. 026 col.3,dec/table2/row/r026c3,,,numeric,textfield,,,0,0,0,0,0,0,0,14,0,,,,,0,0,20,0,,0,,,
dec_table2_row_r026c4,Anexa 2 Rînd. 026 col.4,dec/table2/row/r026c4,,,numeric,textfield,,,0,0,0,0,0,0,0,14,0,,,,,0,0,20,0,,0,,,
dec_table2_row_r030c3,Anexa 2 Rînd. 030 col.3,dec/table2/row/r030c3,,,numeric,textfield,,,0,0,0,0,0,1,0,14,0,,,allow-negative;;1,,0,0,20,0,,0,,,
dec_table2_row_r030c4,Anexa 2 Rînd. 030 col.4,dec/table2/row/r030c4,,,numeric,textfield,,,0,0,0,0,0,1,0,14,0,,,allow-negative;;1,,0,0,20,0,,0,,,
dec_table2_row_r040c3,Anexa 2 Rînd. 040 col.3,dec/table2/row/r040c3,,,numeric,textfield,,,0,0,0,0,0,0,0,14,0,,,,,0,0,20,0,,0,,,
dec_table2_row_r040c4,Anexa 2 Rînd. 040 col.4,dec/table2/row/r040c4,,,numeric,textfield,,,0,0,0,0,0,0,0,14,0,,,,,0,0,20,0,,0,,,
dec_table2_row_r050c3,Anexa 2 Rînd. 050 col.3,dec/table2/row/r050c3,,,numeric,textfield,,,0,0,0,0,0,0,0,14,0,,,,,0,0,20,0,,0,,,
dec_table2_row_r050c4,Anexa 2 Rînd. 050 col.4,dec/table2/row/r050c4,,,numeric,textfield,,,0,0,0,0,0,0,0,14,0,,,,,0,0,20,0,,0,,,
dec_table2_row_r060c3,Anexa 2 Rînd. 060 col.3,dec/table2/row/r060c3,,,numeric,textfield,,,0,0,0,0,0,0,0,14,0,,,,,0,0,20,0,,0,,,
dec_table2_row_r060c4,Anexa 2 Rînd. 060 col.4,dec/table2/row/r060c4,,,numeric,textfield,,,0,0,0,0,0,0,0,14,0,,,,,0,0,20,0,,0,,,
dec_table2_row_r070c3,Anexa 2 Rînd. 070 col.3,dec/table2/row/r070c3,,,numeric,textfield,,,0,0,0,0,0,0,0,14,0,,,,,0,0,20,0,,0,,,
dec_table2_row_r070c4,Anexa 2 Rînd. 070 col.4,dec/table2/row/r070c4,,,numeric,textfield,,,0,0,0,0,0,0,0,14,0,,,,,0,0,20,0,,0,,,
dec_table2_row_r080c3,Anexa 2 Rînd. 080 col.3,dec/table2/row/r080c3,,,numeric,textfield,,,0,0,0,0,0,1,0,14,0,,,allow-negative;;1,,0,0,20,0,,0,,,
dec_table2_row_r080c4,Anexa 2 Rînd. 080 col.4,dec/table2/row/r080c4,,,numeric,textfield,,,0,0,0,0,0,1,0,14,0,,,allow-negative;;1,,0,0,20,0,,0,,,
dec_table2_row_r090c3,Anexa 2 Rînd. 090 col.3,dec/table2/row/r090c3,,,numeric,textfield,,,0,0,0,0,0,0,0,14,0,,,,,0,0,20,0,,0,,,
dec_table2_row_r090c4,Anexa 2 Rînd. 090 col.4,dec/table2/row/r090c4,,,numeric,textfield,,,0,0,0,0,0,0,0,14,0,,,,,0,0,20,0,,0,,,
dec_table2_row_r091c3,Anexa 2 Rînd. 091 col.3,dec/table2/row/r091c3,,,numeric,textfield,,,0,0,0,0,0,0,0,14,0,,,,,0,0,20,0,,0,,,
dec_table2_row_r091c4,Anexa 2 Rînd. 091 col.4,dec/table2/row/r091c4,,,numeric,textfield,,,0,0,0,0,0,0,0,14,0,,,,,0,0,20,0,,0,,,
dec_table2_row_r092c3,Anexa 2 Rînd. 092 col.3,dec/table2/row/r092c3,,,numeric,textfield,,,0,0,0,0,0,0,0,14,0,,,,,0,0,20,0,,0,,,
dec_table2_row_r092c4,Anexa 2 Rînd. 092 col.4,dec/table2/row/r092c4,,,numeric,textfield,,,0,0,0,0,0,0,0,14,0,,,,,0,0,20,0,,0,,,
dec_table2_row_r093c3,Anexa 2 Rînd. 093 col.3,dec/table2/row/r093c3,,,numeric,textfield,,,0,0,0,0,0,0,0,14,0,,,,,0,0,20,0,,0,,,
dec_table2_row_r093c4,Anexa 2 Rînd. 093 col.4,dec/table2/row/r093c4,,,numeric,textfield,,,0,0,0,0,0,0,0,14,0,,,,,0,0,20,0,,0,,,
dec_table2_row_r094c3,Anexa 2 Rînd. 094 col.3,dec/table2/row/r094c3,,,numeric,textfield,,,0,0,0,0,0,0,0,14,0,,,,,0,0,20,0,,0,,,
dec_table2_row_r094c4,Anexa 2 Rînd. 094 col.4,dec/table2/row/r094c4,,,numeric,textfield,,,0,0,0,0,0,0,0,14,0,,,,,0,0,20,0,,0,,,
dec_table2_row_r095c3,Anexa 2 Rînd. 095 col.3,dec/table2/row/r095c3,,,numeric,textfield,,,0,0,0,0,0,0,0,14,0,,,,,0,0,20,0,,0,,,
dec_table2_row_r095c4,Anexa 2 Rînd. 095 col.4,dec/table2/row/r095c4,,,numeric,textfield,,,0,0,0,0,0,0,0,14,0,,,,,0,0,20,0,,0,,,
dec_table2_row_r096c3,Anexa 2 Rînd. 096 col.3,dec/table2/row/r096c3,,,numeric,textfield,,,0,0,0,0,0,0,0,14,0,,,,,0,0,20,0,,0,,,
dec_table2_row_r096c4,Anexa 2 Rînd. 096 col.4,dec/table2/row/r096c4,,,numeric,textfield,,,0,0,0,0,0,0,0,14,0,,,,,0,0,20,0,,0,,,
dec_table2_row_r097c3,Anexa 2 Rînd. 097 col.3,dec/table2/row/r097c3,,,numeric,textfield,,,0,0,0,0,0,0,0,14,0,,,,,0,0,20,0,,0,,,
dec_table2_row_r097c4,Anexa 2 Rînd. 097 col.4,dec/table2/row/r097c4,,,numeric,textfield,,,0,0,0,0,0,0,0,14,0,,,,,0,0,20,0,,0,,,
dec_table2_row_r098c3,Anexa 2 Rînd. 098 col.3,dec/table2/row/r098c3,,,numeric,textfield,,,0,0,0,0,0,0,0,14,0,,,,,0,0,20,0,,0,,,
dec_table2_row_r098c4,Anexa 2 Rînd. 098 col.4,dec/table2/row/r098c4,,,numeric,textfield,,,0,0,0,0,0,0,0,14,0,,,,,0,0,20,0,,0,,,
dec_table2_row_r099c3,Anexa 2 Rînd. 099 col.3,dec/table2/row/r099c3,,,numeric,textfield,,,0,0,0,0,0,0,0,14,0,,,,,0,0,20,0,,0,,,
dec_table2_row_r099c4,Anexa 2 Rînd. 099 col.4,dec/table2/row/r099c4,,,numeric,textfield,,,0,0,0,0,0,0,0,14,0,,,,,0,0,20,0,,0,,,
dec_table2_row_r100c3,Anexa 2 Rînd. 100 col.3,dec/table2/row/r100c3,,,numeric,textfield,,,0,0,0,0,0,0,0,14,0,,,,,0,0,20,0,,0,,,
dec_table2_row_r100c4,Anexa 2 Rînd. 100 col.4,dec/table2/row/r100c4,,,numeric,textfield,,,0,0,0,0,0,0,0,14,0,,,,,0,0,20,0,,0,,,
dec_table2_row_r101c3,Anexa 2 Rînd. 101 col.3,dec/table2/row/r101c3,,,numeric,textfield,,,0,0,0,0,0,0,0,14,0,,,,,0,0,20,0,,0,,,
dec_table2_row_r101c4,Anexa 2 Rînd. 101 col.4,dec/table2/row/r101c4,,,numeric,textfield,,,0,0,0,0,0,0,0,14,0,,,,,0,0,20,0,,0,,,
dec_table2_row_r102c3,Anexa 2 Rînd. 102 col.3,dec/table2/row/r102c3,,,numeric,textfield,,,0,0,0,0,0,0,0,14,0,,,,,0,0,20,0,,0,,,
dec_table2_row_r102c4,Anexa 2 Rînd. 102 col.4,dec/table2/row/r102c4,,,numeric,textfield,,,0,0,0,0,0,0,0,14,0,,,,,0,0,20,0,,0,,,
dec_table2_row_r103c3,Anexa 2 Rînd. 103 col.3,dec/table2/row/r103c3,,,numeric,textfield,,,0,0,0,0,0,0,0,14,0,,,,,0,0,20,0,,0,,,
dec_table2_row_r103c4,Anexa 2 Rînd. 103 col.4,dec/table2/row/r103c4,,,numeric,textfield,,,0,0,0,0,0,0,0,14,0,,,,,0,0,20,0,,0,,,
dec_table2_row_r104c3,Anexa 2 Rînd. 104 col.3,dec/table2/row/r104c3,,,numeric,textfield,,,0,0,0,0,0,0,0,14,0,,,,,0,0,20,0,,0,,,
dec_table2_row_r104c4,Anexa 2 Rînd. 104 col.4,dec/table2/row/r104c4,,,numeric,textfield,,,0,0,0,0,0,0,0,14,0,,,,,0,0,20,0,,0,,,
dec_table2_row_r105c3,Anexa 2 Rînd. 105 col.3,dec/table2/row/r105c3,,,numeric,textfield,,,0,0,0,0,0,0,0,14,0,,,,,0,0,20,0,,0,,,
dec_table2_row_r105c4,Anexa 2 Rînd. 105 col.4,dec/table2/row/r105c4,,,numeric,textfield,,,0,0,0,0,0,0,0,14,0,,,,,0,0,20,0,,0,,,
dec_table2_row_r110c3,Anexa 2 Rînd. 110 col.3,dec/table2/row/r110c3,,,numeric,textfield,,,0,0,0,0,0,1,0,14,0,,,allow-negative;;1,,0,0,20,0,,0,,,
dec_table2_row_r110c4,Anexa 2 Rînd. 110 col.4,dec/table2/row/r110c4,,,numeric,textfield,,,0,0,0,0,0,1,0,14,0,,,allow-negative;;1,,0,0,20,0,,0,,,
dec_table2_row_r120c3,Anexa 2 Rînd. 120 col.3,dec/table2/row/r120c3,,,numeric,textfield,,,0,0,0,0,0,0,0,14,0,,,,,0,0,20,0,,0,,,
dec_table2_row_r120c4,Anexa 2 Rînd. 120 col.4,dec/table2/row/r120c4,,,numeric,textfield,,,0,0,0,0,0,0,0,14,0,,,,,0,0,20,0,,0,,,
dec_table2_row_r130c3,Anexa 2 Rînd. 130 col.3,dec/table2/row/r130c3,,,numeric,textfield,,,0,0,0,0,0,0,0,14,0,,,,,0,0,20,0,,0,,,
dec_table2_row_r130c4,Anexa 2 Rînd. 130 col.4,dec/table2/row/r130c4,,,numeric,textfield,,,0,0,0,0,0,0,0,14,0,,,,,0,0,20,0,,0,,,
dec_table2_row_r140c3,Anexa 2 Rînd. 140 col.3,dec/table2/row/r140c3,,,numeric,textfield,,,0,0,0,0,0,1,0,14,0,,,allow-negative;;1,,0,0,20,0,,0,,,
dec_table2_row_r140c4,Anexa 2 Rînd. 140 col.4,dec/table2/row/r140c4,,,numeric,textfield,,,0,0,0,0,0,1,0,14,0,,,allow-negative;;1,,0,0,20,0,,0,,,
dec_table2_row_r150c3,Anexa 2 Rînd. 150 col.3,dec/table2/row/r150c3,,,numeric,textfield,,,0,0,0,0,0,1,0,14,0,,,allow-negative;;1,,0,0,20,0,,0,,,
dec_table2_row_r150c4,Anexa 2 Rînd. 150 col.4,dec/table2/row/r150c4,,,numeric,textfield,,,0,0,0,0,0,1,0,14,0,,,allow-negative;;1,,0,0,20,0,,0,,,
dec_table2_row_r160c3,Anexa 2 Rînd. 160 col.3,dec/table2/row/r160c3,,,numeric,textfield,,,0,0,0,0,0,1,0,14,0,,,allow-negative;;1,,0,0,20,0,,0,,,
dec_table2_row_r160c4,Anexa 2 Rînd. 160 col.4,dec/table2/row/r160c4,,,numeric,textfield,,,0,0,0,0,0,1,0,14,0,,,allow-negative;;1,,0,0,20,0,,0,,,
dec_table2_row_r170c3,Anexa 2 Rînd. 170 col.3,dec/table2/row/r170c3,,,numeric,textfield,,,0,0,0,0,0,0,0,14,0,,,,,0,0,20,0,,0,,,
dec_table2_row_r170c4,Anexa 2 Rînd. 170 col.4,dec/table2/row/r170c4,,,numeric,textfield,,,0,0,0,0,0,0,0,14,0,,,,,0,0,20,0,,0,,,
dec_table2_row_r180c3,Anexa 2 Rînd. 180 col.3,dec/table2/row/r180c3,,,numeric,textfield,,,0,0,0,0,0,1,0,14,0,,,allow-negative;;1,,0,0,20,0,,0,,,
dec_table2_row_r180c4,Anexa 2 Rînd. 180 col.4,dec/table2/row/r180c4,,,numeric,textfield,,,0,0,0,0,0,1,0,14,0,,,allow-negative;;1,,0,0,20,0,,0,,,
dec_table3_row_datedela,"Situația modficărilor capitalului propriu de la (data), Anexa 3",dec/table3/row/datedela,,,date,textfield,,,0,0,0,0,0,0,0,14,0,,,,,0,0,20,0,,0,,,
dec_table3_row_datepinala,"Situația modficărilor capitalului propriu pînă la (data), Anexa 3",dec/table3/row/datepinala,,,date,textfield,,,0,0,0,0,0,0,0,14,0,,,,,0,0,20,0,,0,,,
dec_table3_row_r010c4,Anexa 3 Rînd. 010 col.4,dec/table3/row/r010c4,,,numeric,textfield,,,0,0,0,0,0,0,0,14,0,,,,,0,0,20,0,,0,,,
dec_table3_row_r010c5,Anexa 3 Rînd. 010 col.5,dec/table3/row/r010c5,,,numeric,textfield,,,0,0,0,0,0,0,0,14,0,,,,,0,0,20,0,,0,,,
dec_table3_row_r010c6,Anexa 3 Rînd. 010 col.6,dec/table3/row/r010c6,,,numeric,textfield,,,0,0,0,0,0,0,0,14,0,,,,,0,0,20,0,,0,,,
dec_table3_row_r010c7,Anexa 3 Rînd. 010 col.7,dec/table3/row/r010c7,,,numeric,textfield,,,0,0,0,0,0,1,0,14,0,,,,,0,0,20,0,,0,,,
dec_table3_row_r020c4,Anexa 3 Rînd. 020 col.4,dec/table3/row/r020c4,,,numeric,textfield,,,0,0,0,0,0,0,0,14,0,,,allow-negative;;1,,0,0,20,0,,0,,,
dec_table3_row_r020c5,Anexa 3 Rînd. 020 col.5,dec/table3/row/r020c5,,,numeric,textfield,,,0,0,0,0,0,0,0,14,0,,,allow-negative;;1,,0,0,20,0,,0,,,
dec_table3_row_r020c6,Anexa 3 Rînd. 020 col.6,dec/table3/row/r020c6,,,numeric,textfield,,,0,0,0,0,0,0,0,14,0,,,allow-negative;;1,,0,0,20,0,,0,,,
dec_table3_row_r020c7,Anexa 3 Rînd. 020 col.7,dec/table3/row/r020c7,,,numeric,textfield,,,0,0,0,0,0,1,0,14,0,,,allow-negative;;1,,0,0,20,0,,0,,,
dec_table3_row_r030c4,Anexa 3 Rînd. 030 col.4,dec/table3/row/r030c4,,,numeric,textfield,,,0,0,0,0,0,0,0,14,0,,,,,0,0,20,0,,0,,,
dec_table3_row_r030c5,Anexa 3 Rînd. 030 col.5,dec/table3/row/r030c5,,,numeric,textfield,,,0,0,0,0,0,0,0,14,0,,,,,0,0,20,0,,0,,,
dec_table3_row_r030c6,Anexa 3 Rînd. 030 col.6,dec/table3/row/r030c6,,,numeric,textfield,,,0,0,0,0,0,0,0,14,0,,,,,0,0,20,0,,0,,,
dec_table3_row_r030c7,Anexa 3 Rînd. 030 col.7,dec/table3/row/r030c7,,,numeric,textfield,,,0,0,0,0,0,1,0,14,0,,,,,0,0,20,0,,0,,,
dec_table3_row_r040c4,Anexa 3 Rînd. 040 col.4,dec/table3/row/r040c4,,,numeric,textfield,,,0,0,0,0,0,0,0,14,0,,,allow-negative;;1,,0,0,20,0,,0,,,
dec_table3_row_r040c5,Anexa 3 Rînd. 040 col.5,dec/table3/row/r040c5,,,numeric,textfield,,,0,0,0,0,0,0,0,14,0,,,allow-negative;;1,,0,0,20,0,,0,,,
dec_table3_row_r040c6,Anexa 3 Rînd. 040 col.6,dec/table3/row/r040c6,,,numeric,textfield,,,0,0,0,0,0,0,0,14,0,,,allow-negative;;1,,0,0,20,0,,0,,,
dec_table3_row_r040c7,Anexa 3 Rînd. 040 col.7,dec/table3/row/r040c7,,,numeric,textfield,,,0,0,0,0,0,1,0,14,0,,,allow-negative;;1,,0,0,20,0,,0,,,
dec_table3_row_r050c4,Anexa 3 Rînd. 050 col.4,dec/table3/row/r050c4,,,numeric,textfield,,,0,0,0,0,0,0,0,14,0,,,,,0,0,20,0,,0,,,
dec_table3_row_r050c5,Anexa 3 Rînd. 050 col.5,dec/table3/row/r050c5,,,numeric,textfield,,,0,0,0,0,0,0,0,14,0,,,,,0,0,20,0,,0,,,
dec_table3_row_r050c6,Anexa 3 Rînd. 050 col.6,dec/table3/row/r050c6,,,numeric,textfield,,,0,0,0,0,0,0,0,14,0,,,,,0,0,20,0,,0,,,
dec_table3_row_r050c7,Anexa 3 Rînd. 050 col.7,dec/table3/row/r050c7,,,numeric,textfield,,,0,0,0,0,0,1,0,14,0,,,,,0,0,20,0,,0,,,
dec_table3_row_r060c4,Anexa 3 Rînd. 060 col.4,dec/table3/row/r060c4,,,numeric,textfield,,,0,0,0,0,0,1,0,14,0,,,,,0,0,20,0,,0,,,
dec_table3_row_r060c5,Anexa 3 Rînd. 060 col.5,dec/table3/row/r060c5,,,numeric,textfield,,,0,0,0,0,0,1,0,14,0,,,,,0,0,20,0,,0,,,
dec_table3_row_r060c6,Anexa 3 Rînd. 060 col.6,dec/table3/row/r060c6,,,numeric,textfield,,,0,0,0,0,0,1,0,14,0,,,,,0,0,20,0,,0,,,
dec_table3_row_r060c7,Anexa 3 Rînd. 060 col.7,dec/table3/row/r060c7,,,numeric,textfield,,,0,0,0,0,0,1,0,14,0,,,,,0,0,20,0,,0,,,
dec_table3_row_r070c4,Anexa 3 Rînd. 070 col.4,dec/table3/row/r070c4,,,numeric,textfield,,,0,0,0,0,0,0,0,14,0,,,,,0,0,20,0,,0,,,
dec_table3_row_r070c5,Anexa 3 Rînd. 070 col.5,dec/table3/row/r070c5,,,numeric,textfield,,,0,0,0,0,0,0,0,14,0,,,,,0,0,20,0,,0,,,
dec_table3_row_r070c6,Anexa 3 Rînd. 070 col.6,dec/table3/row/r070c6,,,numeric,textfield,,,0,0,0,0,0,0,0,14,0,,,,,0,0,20,0,,0,,,
dec_table3_row_r070c7,Anexa 3 Rînd. 070 col.7,dec/table3/row/r070c7,,,numeric,textfield,,,0,0,0,0,0,1,0,14,0,,,,,0,0,20,0,,0,,,
dec_table3_row_r080c4,Anexa 3 Rînd. 080 col.4,dec/table3/row/r080c4,,,numeric,textfield,,,0,0,0,0,0,0,0,14,0,,,,,0,0,20,0,,0,,,
dec_table3_row_r080c5,Anexa 3 Rînd. 080 col.5,dec/table3/row/r080c5,,,numeric,textfield,,,0,0,0,0,0,0,0,14,0,,,,,0,0,20,0,,0,,,
dec_table3_row_r080c6,Anexa 3 Rînd. 080 col.6,dec/table3/row/r080c6,,,numeric,textfield,,,0,0,0,0,0,0,0,14,0,,,,,0,0,20,0,,0,,,
dec_table3_row_r080c7,Anexa 3 Rînd. 080 col.7,dec/table3/row/r080c7,,,numeric,textfield,,,0,0,0,0,0,1,0,14,0,,,,,0,0,20,0,,0,,,
dec_table3_row_r090c4,Anexa 3 Rînd. 090 col.4,dec/table3/row/r090c4,,,numeric,textfield,,,0,0,0,0,0,0,0,14,0,,,,,0,0,20,0,,0,,,
dec_table3_row_r090c5,Anexa 3 Rînd. 090 col.5,dec/table3/row/r090c5,,,numeric,textfield,,,0,0,0,0,0,0,0,14,0,,,,,0,0,20,0,,0,,,
dec_table3_row_r090c6,Anexa 3 Rînd. 090 col.6,dec/table3/row/r090c6,,,numeric,textfield,,,0,0,0,0,0,0,0,14,0,,,,,0,0,20,0,,0,,,
dec_table3_row_r090c7,Anexa 3 Rînd. 090 col.7,dec/table3/row/r090c7,,,numeric,textfield,,,0,0,0,0,0,1,0,14,0,,,,,0,0,20,0,,0,,,
dec_table3_row_r100c4,Anexa 3 Rînd. 100 col.4,dec/table3/row/r100c4,,,numeric,textfield,,,0,0,0,0,0,0,0,14,0,,,,,0,0,20,0,,0,,,
dec_table3_row_r100c5,Anexa 3 Rînd. 100 col.5,dec/table3/row/r100c5,,,numeric,textfield,,,0,0,0,0,0,0,0,14,0,,,,,0,0,20,0,,0,,,
dec_table3_row_r100c6,Anexa 3 Rînd. 100 col.6,dec/table3/row/r100c6,,,numeric,textfield,,,0,0,0,0,0,0,0,14,0,,,,,0,0,20,0,,0,,,
dec_table3_row_r100c7,Anexa 3 Rînd. 100 col.7,dec/table3/row/r100c7,,,numeric,textfield,,,0,0,0,0,0,1,0,14,0,,,,,0,0,20,0,,0,,,
dec_table3_row_r110c4,Anexa 3 Rînd. 110 col.4,dec/table3/row/r110c4,,,numeric,textfield,,,0,0,0,0,0,1,0,14,0,,,,,0,0,20,0,,0,,,
dec_table3_row_r110c5,Anexa 3 Rînd. 110 col.5,dec/table3/row/r110c5,,,numeric,textfield,,,0,0,0,0,0,1,0,14,0,,,,,0,0,20,0,,0,,,
dec_table3_row_r110c6,Anexa 3 Rînd. 110 col.6,dec/table3/row/r110c6,,,numeric,textfield,,,0,0,0,0,0,1,0,14,0,,,,,0,0,20,0,,0,,,
dec_table3_row_r110c7,Anexa 3 Rînd. 110 col.7,dec/table3/row/r110c7,,,numeric,textfield,,,0,0,0,0,0,1,0,14,0,,,,,0,0,20,0,,0,,,
dec_table3_row_r120c5,Anexa 3 Rînd. 120 col.5,dec/table3/row/r120c5,,,numeric,textfield,,,0,0,0,0,0,0,0,14,0,,,allow-negative;;1,,0,0,20,0,,0,,,
dec_table3_row_r120c6,Anexa 3 Rînd. 120 col.6,dec/table3/row/r120c6,,,numeric,textfield,,,0,0,0,0,0,0,0,14,0,,,allow-negative;;1,,0,0,20,0,,0,,,
dec_table3_row_r120c7,Anexa 3 Rînd. 120 col.7,dec/table3/row/r120c7,,,numeric,textfield,,,0,0,0,0,0,1,0,14,0,,,allow-negative;;1,,0,0,20,0,,0,,,
dec_table3_row_r130c4,Anexa 3 Rînd. 130 col.4,dec/table3/row/r130c4,,,numeric,textfield,,,0,0,0,0,0,0,0,14,0,,,allow-negative;;1,,0,0,20,0,,0,,,
dec_table3_row_r130c5,Anexa 3 Rînd. 130 col.5,dec/table3/row/r130c5,,,numeric,textfield,,,0,0,0,0,0,0,0,14,0,,,allow-negative;;1,,0,0,20,0,,0,,,
dec_table3_row_r130c6,Anexa 3 Rînd. 130 col.6,dec/table3/row/r130c6,,,numeric,textfield,,,0,0,0,0,0,0,0,14,0,,,allow-negative;;1,,0,0,20,0,,0,,,
dec_table3_row_r130c7,Anexa 3 Rînd. 130 col.7,dec/table3/row/r130c7,,,numeric,textfield,,,0,0,0,0,0,1,0,14,0,,,allow-negative;;1,,0,0,20,0,,0,,,
dec_table3_row_r140c5,Anexa 3 Rînd. 140 col.5,dec/table3/row/r140c5,,,numeric,textfield,,,0,0,0,0,0,0,0,14,0,,,allow-negative;;1,,0,0,20,0,,0,,,
dec_table3_row_r140c6,Anexa 3 Rînd. 140 col.6,dec/table3/row/r140c6,,,numeric,textfield,,,0,0,0,0,0,0,0,14,0,,,allow-negative;;1,,0,0,20,0,,0,,,
dec_table3_row_r140c7,Anexa 3 Rînd. 140 col.7,dec/table3/row/r140c7,,,numeric,textfield,,,0,0,0,0,0,1,0,14,0,,,allow-negative;;1,,0,0,20,0,,0,,,
dec_table3_row_r150c5,Anexa 3 Rînd. 150 col.5,dec/table3/row/r150c5,,,numeric,textfield,,,0,0,0,0,0,0,0,14,0,,,allow-negative;;1,,0,0,20,0,,0,,,
dec_table3_row_r150c6,Anexa 3 Rînd. 150 col.6,dec/table3/row/r150c6,,,numeric,textfield,,,0,0,0,0,0,0,0,14,0,,,allow-negative;;1,,0,0,20,0,,0,,,
dec_table3_row_r150c7,Anexa 3 Rînd. 150 col.7,dec/table3/row/r150c7,,,numeric,textfield,,,0,0,0,0,0,1,0,14,0,,,allow-negative;;1,,0,0,20,0,,0,,,
dec_table3_row_r160c4,Anexa 3 Rînd. 160 col.4,dec/table3/row/r160c4,,,numeric,textfield,,,0,0,0,0,0,1,0,14,0,,,allow-negative;;1,,0,0,20,0,,0,,,
dec_table3_row_r160c5,Anexa 3 Rînd. 160 col.5,dec/table3/row/r160c5,,,numeric,textfield,,,0,0,0,0,0,1,0,14,0,,,allow-negative;;1,,0,0,20,0,,0,,,
dec_table3_row_r160c6,Anexa 3 Rînd. 160 col.6,dec/table3/row/r160c6,,,numeric,textfield,,,0,0,0,0,0,1,0,14,0,,,allow-negative;;1,,0,0,20,0,,0,,,
dec_table3_row_r160c7,Anexa 3 Rînd. 160 col.7,dec/table3/row/r160c7,,,numeric,textfield,,,0,0,0,0,0,1,0,14,0,,,allow-negative;;1,,0,0,20,0,,0,,,
dec_table3_row_r170c4,Anexa 3 Rînd. 170 col.4,dec/table3/row/r170c4,,,numeric,textfield,,,0,0,0,0,0,0,0,14,0,,,,,0,0,20,0,,0,,,
dec_table3_row_r170c5,Anexa 3 Rînd. 170 col.5,dec/table3/row/r170c5,,,numeric,textfield,,,0,0,0,0,0,0,0,14,0,,,,,0,0,20,0,,0,,,
dec_table3_row_r170c6,Anexa 3 Rînd. 170 col.6,dec/table3/row/r170c6,,,numeric,textfield,,,0,0,0,0,0,0,0,14,0,,,,,0,0,20,0,,0,,,
dec_table3_row_r170c7,Anexa 3 Rînd. 170 col.7,dec/table3/row/r170c7,,,numeric,textfield,,,0,0,0,0,0,1,0,14,0,,,,,0,0,20,0,,0,,,
dec_table3_row_r180c4,Anexa 3 Rînd. 180 col.4,dec/table3/row/r180c4,,,numeric,textfield,,,0,0,0,0,0,0,0,14,0,,,,,0,0,20,0,,0,,,
dec_table3_row_r180c5,Anexa 3 Rînd. 180 col.5,dec/table3/row/r180c5,,,numeric,textfield,,,0,0,0,0,0,0,0,14,0,,,,,0,0,20,0,,0,,,
dec_table3_row_r180c6,Anexa 3 Rînd. 180 col.6,dec/table3/row/r180c6,,,numeric,textfield,,,0,0,0,0,0,0,0,14,0,,,,,0,0,20,0,,0,,,
dec_table3_row_r180c7,Anexa 3 Rînd. 180 col.7,dec/table3/row/r180c7,,,numeric,textfield,,,0,0,0,0,0,1,0,14,0,,,,,0,0,20,0,,0,,,
dec_table3_row_r190c4,Anexa 3 Rînd. 190 col.4,dec/table3/row/r190c4,,,numeric,textfield,,,0,0,0,0,0,1,0,14,0,,,allow-negative;;1,,0,0,20,0,,0,,,
dec_table3_row_r190c5,Anexa 3 Rînd. 190 col.5,dec/table3/row/r190c5,,,numeric,textfield,,,0,0,0,0,0,1,0,14,0,,,allow-negative;;1,,0,0,20,0,,0,,,
dec_table3_row_r190c6,Anexa 3 Rînd. 190 col.6,dec/table3/row/r190c6,,,numeric,textfield,,,0,0,0,0,0,1,0,14,0,,,allow-negative;;1,,0,0,20,0,,0,,,
dec_table3_row_r190c7,Anexa 3 Rînd. 190 col.7,dec/table3/row/r190c7,,,numeric,textfield,,,0,0,0,0,0,1,0,14,0,,,allow-negative;;1,,0,0,20,0,,0,,,
dec_table4_row_datedela,"Situația fluxurilor de numerar de la (data), Anexa 4",dec/table4/row/datedela,,,date,textfield,,,0,0,0,0,0,0,0,14,0,,,,,0,0,20,0,,0,,,
dec_table4_row_datepinala,"Situația fluxurilor de numerar pînă la (data), Anexa 4",dec/table4/row/datepinala,,,date,textfield,,,0,0,0,0,0,0,0,14,0,,,,,0,0,20,0,,0,,,
dec_table4_row_r010c3,Anexa 4 Rînd. 010 col.3,dec/table4/row/r010c3,,,numeric,textfield,,,0,0,0,0,0,0,0,14,0,,,,,0,0,20,0,,0,,,
dec_table4_row_r010c4,Anexa 4 Rînd. 010 col.4,dec/table4/row/r010c4,,,numeric,textfield,,,0,0,0,0,0,0,0,14,0,,,,,0,0,20,0,,0,,,
dec_table4_row_r020c3,Anexa 4 Rînd. 020 col.3,dec/table4/row/r020c3,,,numeric,textfield,,,0,0,0,0,0,0,0,14,0,,,,,0,0,20,0,,0,,,
dec_table4_row_r020c4,Anexa 4 Rînd. 020 col.4,dec/table4/row/r020c4,,,numeric,textfield,,,0,0,0,0,0,0,0,14,0,,,,,0,0,20,0,,0,,,
dec_table4_row_r030c3,Anexa 4 Rînd. 030 col.3,dec/table4/row/r030c3,,,numeric,textfield,,,0,0,0,0,0,0,0,14,0,,,,,0,0,20,0,,0,,,
dec_table4_row_r030c4,Anexa 4 Rînd. 030 col.4,dec/table4/row/r030c4,,,numeric,textfield,,,0,0,0,0,0,0,0,14,0,,,,,0,0,20,0,,0,,,
dec_table4_row_r040c3,Anexa 4 Rînd. 040 col.3,dec/table4/row/r040c3,,,numeric,textfield,,,0,0,0,0,0,0,0,14,0,,,,,0,0,20,0,,0,,,
dec_table4_row_r040c4,Anexa 4 Rînd. 040 col.4,dec/table4/row/r040c4,,,numeric,textfield,,,0,0,0,0,0,0,0,14,0,,,,,0,0,20,0,,0,,,
dec_table4_row_r050c3,Anexa 4 Rînd. 050 col.3,dec/table4/row/r050c3,,,numeric,textfield,,,0,0,0,0,0,0,0,14,0,,,,,0,0,20,0,,0,,,
dec_table4_row_r050c4,Anexa 4 Rînd. 050 col.4,dec/table4/row/r050c4,,,numeric,textfield,,,0,0,0,0,0,0,0,14,0,,,,,0,0,20,0,,0,,,
dec_table4_row_r060c3,Anexa 4 Rînd. 060 col.3,dec/table4/row/r060c3,,,numeric,textfield,,,0,0,0,0,0,0,0,14,0,,,,,0,0,20,0,,0,,,
dec_table4_row_r060c4,Anexa 4 Rînd. 060 col.4,dec/table4/row/r060c4,,,numeric,textfield,,,0,0,0,0,0,0,0,14,0,,,,,0,0,20,0,,0,,,
dec_table4_row_r070c3,Anexa 4 Rînd. 070 col.3,dec/table4/row/r070c3,,,numeric,textfield,,,0,0,0,0,0,0,0,14,0,,,,,0,0,20,0,,0,,,
dec_table4_row_r070c4,Anexa 4 Rînd. 070 col.4,dec/table4/row/r070c4,,,numeric,textfield,,,0,0,0,0,0,0,0,14,0,,,,,0,0,20,0,,0,,,
dec_table4_row_r080c3,Anexa 4 Rînd. 080 col.3,dec/table4/row/r080c3,,,numeric,textfield,,,0,0,0,0,0,1,0,14,0,,,allow-negative;;1,,0,0,20,0,,0,,,
dec_table4_row_r080c4,Anexa 4 Rînd. 080 col.4,dec/table4/row/r080c4,,,numeric,textfield,,,0,0,0,0,0,1,0,14,0,,,allow-negative;;1,,0,0,20,0,,0,,,
dec_table4_row_r090c3,Anexa 4 Rînd. 090 col.3,dec/table4/row/r090c3,,,numeric,textfield,,,0,0,0,0,0,0,0,14,0,,,,,0,0,20,0,,0,,,
dec_table4_row_r090c4,Anexa 4 Rînd. 090 col.4,dec/table4/row/r090c4,,,numeric,textfield,,,0,0,0,0,0,0,0,14,0,,,,,0,0,20,0,,0,,,
dec_table4_row_r100c3,Anexa 4 Rînd. 100 col.3,dec/table4/row/r100c3,,,numeric,textfield,,,0,0,0,0,0,0,0,14,0,,,,,0,0,20,0,,0,,,
dec_table4_row_r100c4,Anexa 4 Rînd. 100 col.4,dec/table4/row/r100c4,,,numeric,textfield,,,0,0,0,0,0,0,0,14,0,,,,,0,0,20,0,,0,,,
dec_table4_row_r110c3,Anexa 4 Rînd. 110 col.3,dec/table4/row/r110c3,,,numeric,textfield,,,0,0,0,0,0,0,0,14,0,,,,,0,0,20,0,,0,,,
dec_table4_row_r110c4,Anexa 4 Rînd. 110 col.4,dec/table4/row/r110c4,,,numeric,textfield,,,0,0,0,0,0,0,0,14,0,,,,,0,0,20,0,,0,,,
dec_table4_row_r120c3,Anexa 4 Rînd. 120 col.3,dec/table4/row/r120c3,,,numeric,textfield,,,0,0,0,0,0,0,0,14,0,,,,,0,0,20,0,,0,,,
dec_table4_row_r120c4,Anexa 4 Rînd. 120 col.4,dec/table4/row/r120c4,,,numeric,textfield,,,0,0,0,0,0,0,0,14,0,,,,,0,0,20,0,,0,,,
dec_table4_row_r121c3,Anexa 4 Rînd. 121 col.3,dec/table4/row/r121c3,,,numeric,textfield,,,0,0,0,0,0,0,0,14,0,,,,,0,0,20,0,,0,,,
dec_table4_row_r121c4,Anexa 4 Rînd. 121 col.4,dec/table4/row/r121c4,,,numeric,textfield,,,0,0,0,0,0,0,0,14,0,,,,,0,0,20,0,,0,,,
dec_table4_row_r130c3,Anexa 4 Rînd. 130 col.3,dec/table4/row/r130c3,,,numeric,textfield,,,0,0,0,0,0,0,0,14,0,,,allow-negative;;1,,0,0,20,0,,0,,,
dec_table4_row_r130c4,Anexa 4 Rînd. 130 col.4,dec/table4/row/r130c4,,,numeric,textfield,,,0,0,0,0,0,0,0,14,0,,,allow-negative;;1,,0,0,20,0,,0,,,
dec_table4_row_r140c3,Anexa 4 Rînd. 140 col.3,dec/table4/row/r140c3,,,numeric,textfield,,,0,0,0,0,0,1,0,14,0,,,allow-negative;;1,,0,0,20,0,,0,,,
dec_table4_row_r140c4,Anexa 4 Rînd. 140 col.4,dec/table4/row/r140c4,,,numeric,textfield,,,0,0,0,0,0,1,0,14,0,,,allow-negative;;1,,0,0,20,0,,0,,,
dec_table4_row_r150c3,Anexa 4 Rînd. 150 col.3,dec/table4/row/r150c3,,,numeric,textfield,,,0,0,0,0,0,0,0,14,0,,,,,0,0,20,0,,0,,,
dec_table4_row_r150c4,Anexa 4 Rînd. 150 col.4,dec/table4/row/r150c4,,,numeric,textfield,,,0,0,0,0,0,0,0,14,0,,,,,0,0,20,0,,0,,,
dec_table4_row_r160c3,Anexa 4 Rînd. 160 col.3,dec/table4/row/r160c3,,,numeric,textfield,,,0,0,0,0,0,0,0,14,0,,,,,0,0,20,0,,0,,,
dec_table4_row_r160c4,Anexa 4 Rînd. 160 col.4,dec/table4/row/r160c4,,,numeric,textfield,,,0,0,0,0,0,0,0,14,0,,,,,0,0,20,0,,0,,,
dec_table4_row_r170c3,Anexa 4 Rînd. 170 col.3,dec/table4/row/r170c3,,,numeric,textfield,,,0,0,0,0,0,0,0,14,0,,,,,0,0,20,0,,0,,,
dec_table4_row_r170c4,Anexa 4 Rînd. 170 col.4,dec/table4/row/r170c4,,,numeric,textfield,,,0,0,0,0,0,0,0,14,0,,,,,0,0,20,0,,0,,,
dec_table4_row_r171c3,Anexa 4 Rînd. 171 col.3,dec/table4/row/r171c3,,,numeric,textfield,,,0,0,0,0,0,0,0,14,0,,,,,0,0,20,0,,0,,,
dec_table4_row_r171c4,Anexa 4 Rînd. 171 col.4,dec/table4/row/r171c4,,,numeric,textfield,,,0,0,0,0,0,0,0,14,0,,,,,0,0,20,0,,0,,,
dec_table4_row_r180c3,Anexa 4 Rînd. 180 col.3,dec/table4/row/r180c3,,,numeric,textfield,,,0,0,0,0,0,0,0,14,0,,,,,0,0,20,0,,0,,,
dec_table4_row_r180c4,Anexa 4 Rînd. 180 col.4,dec/table4/row/r180c4,,,numeric,textfield,,,0,0,0,0,0,0,0,14,0,,,,,0,0,20,0,,0,,,
dec_table4_row_r190c3,Anexa 4 Rînd. 190 col.3,dec/table4/row/r190c3,,,numeric,textfield,,,0,0,0,0,0,0,0,14,0,,,allow-negative;;1,,0,0,20,0,,0,,,
dec_table4_row_r190c4,Anexa 4 Rînd. 190 col.4,dec/table4/row/r190c4,,,numeric,textfield,,,0,0,0,0,0,0,0,14,0,,,allow-negative;;1,,0,0,20,0,,0,,,
dec_table4_row_r200c3,Anexa 4 Rînd. 200 col.3,dec/table4/row/r200c3,,,numeric,textfield,,,0,0,0,0,0,1,0,14,0,,,allow-negative;;1,,0,0,20,0,,0,,,
dec_table4_row_r200c4,Anexa 4 Rînd. 200 col.4,dec/table4/row/r200c4,,,numeric,textfield,,,0,0,0,0,0,1,0,14,0,,,allow-negative;;1,,0,0,20,0,,0,,,
dec_table4_row_r210c3,Anexa 4 Rînd. 210 col.3,dec/table4/row/r210c3,,,numeric,textfield,,,0,0,0,0,0,1,0,14,0,,,allow-negative;;1,,0,0,20,0,,0,,,
dec_table4_row_r210c4,Anexa 4 Rînd. 210 col.4,dec/table4/row/r210c4,,,numeric,textfield,,,0,0,0,0,0,1,0,14,0,,,allow-negative;;1,,0,0,20,0,,0,,,
dec_table4_row_r220c3,Anexa 4 Rînd. 220 col.3,dec/table4/row/r220c3,,,numeric,textfield,,,0,0,0,0,0,0,0,14,0,,,allow-negative;;1,,0,0,20,0,,0,,,
dec_table4_row_r220c4,Anexa 4 Rînd. 220 col.4,dec/table4/row/r220c4,,,numeric,textfield,,,0,0,0,0,0,0,0,14,0,,,allow-negative;;1,,0,0,20,0,,0,,,
dec_table4_row_r230c3,Anexa 4 Rînd. 230 col.3,dec/table4/row/r230c3,,,numeric,textfield,,,0,0,0,0,0,0,0,14,0,,,,,0,0,20,0,,0,,,
dec_table4_row_r230c4,Anexa 4 Rînd. 230 col.4,dec/table4/row/r230c4,,,numeric,textfield,,,0,0,0,0,0,0,0,14,0,,,,,0,0,20,0,,0,,,
dec_table4_row_r240c3,Anexa 4 Rînd. 240 col.3,dec/table4/row/r240c3,,,numeric,textfield,,,0,0,0,0,0,1,0,14,0,,,,,0,0,20,0,,0,,,
dec_table4_row_r240c4,Anexa 4 Rînd. 240 col.4,dec/table4/row/r240c4,,,numeric,textfield,,,0,0,0,0,0,1,0,14,0,,,,,0,0,20,0,,0,,,
dec_dinamicAttachments_row[line]_index,File number,dec/dinamicAttachments/row[line]/index,dinamicAttachments,,numeric,textfield,,,0,0,0,0,0,0,1,12,0,,,,row-index,0,0,5,0,,0,,,
dec_dinamicAttachments_row[line]_file,File,dec/dinamicAttachments/row[line]/file,dinamicAttachments,,text,file,,,0,0,0,0,0,0,0,13,0,,,,table,0,0,0,0,,0,pdf,5MB,
,,,,,text,container,,,0,0,0,0,0,0,0,0,0,,<?php return classifiers_load_table_by_machine_name('entities_medium_large'); ?>,,,0,0,0,0,,0,,,
